TransactionID,VendorName,Category,CostCentre,Amount,ContractRate,Date,Currency
AP-10000,Microsoft,IT Services,CC-101 Finance,38472.36,33774.21,2024-11-04,INR
AP-10001,Workday,Software Licenses,CC-106 Legal,12306.03,15044.48,2024-04-22,USD
AP-10002,Adobe Systems,Hardware,CC-101 Finance,25320.56,38141.2,2024-08-04,USD
AP-10003,Tata Consultancy,Cloud,CC-102 Operations,12765.3,17376.32,2024-02-17,USD
AP-10004,Wipro Limited,Facilities,CC-105 Marketing,21887.04,35451.48,2024-08-23,EUR
AP-10005,WIPRO,Consulting,CC-105 Marketing,5215.58,6125.48,2024-07-04,EUR
AP-10006,KPMG,Consulting,CC-101 Finance,5569.45,6125.48,2024-02-10,INR
AP-10007,WIPRO,Hardware,CC-104 HR,28450.77,38141.2,2024-07-08,USD
AP-10008,KPMG,Hardware,CC-106 Legal,32771.46,38141.2,2024-11-07,EUR
AP-10009,AWS,Cloud,CC-104 HR,17303.5,17376.32,2024-11-23,EUR
AP-10010,Workday,Software Licenses,CC-106 Legal,13650.24,15044.48,2024-01-29,INR
AP-10011,Deloitte & Co,Marketing,CC-103 IT,61873.92,45148.08,2024-10-17,EUR
AP-10012,HCL Technologies,Software Licenses,CC-106 Legal,14350.53,15044.48,2024-11-25,USD
AP-10013,Oracle,Cloud,CC-102 Operations,14171.97,17376.32,2024-10-26,USD
AP-10014,Adobe Systems,Marketing,CC-103 IT,45103.61,45148.08,2024-09-17,USD
AP-10015,IBM,Consulting,CC-102 Operations,5616.03,6125.48,2024-08-04,EUR
AP-10016,IBM Ltd,Marketing,CC-105 Marketing,36644.25,45148.08,2024-10-10,INR
AP-10017,Wipro Limited,Facilities,CC-101 Finance,23513.66,35451.48,2024-01-02,EUR
AP-10018,Tata Consultancy,Cloud,CC-105 Marketing,16476.36,17376.32,2024-06-01,EUR
AP-10019,ServiceNow,Software Licenses,CC-102 Operations,9998.86,15044.48,2024-09-28,INR
AP-10020,Cisco Systems,Facilities,CC-104 HR,48777.46,35451.48,2024-06-06,INR
AP-10021,Deloitte,Consulting,CC-101 Finance,5674.7,6125.48,2024-09-29,INR
AP-10022,ORACLE CORP,Cloud,CC-103 IT,14641.94,17376.32,2024-04-18,EUR
AP-10023,KPMG,Hardware,CC-104 HR,32799.57,38141.2,2024-08-12,EUR
AP-10024,Google Cloud,Consulting,CC-102 Operations,4503.66,6125.48,2024-10-28,EUR
AP-10025,McKinsey & Co,Software Licenses,CC-101 Finance,19175.32,15044.48,2024-04-27,INR
AP-10026,Deloitte & Co,Consulting,CC-105 Marketing,5314.41,6125.48,2024-04-19,EUR
AP-10027,ORACLE CORP,Software Licenses,CC-104 HR,10172.54,15044.48,2024-02-19,EUR
AP-10028,Microsoft,Facilities,CC-104 HR,33520.6,35451.48,2024-01-28,EUR
AP-10029,Wipro,Marketing,CC-106 Legal,42649.99,45148.08,2024-05-07,INR
AP-10030,KPMG,Legal,CC-102 Operations,6340.34,8912.25,2024-05-07,INR
AP-10031,Google Cloud,Consulting,CC-101 Finance,4999.83,6125.48,2024-01-08,INR
AP-10032,McKinsey & Co,Cloud,CC-104 HR,11911.45,17376.32,2024-07-24,INR
AP-10033,Amazon Web Svc,IT Services,CC-104 HR,30857.07,33774.21,2024-08-20,USD
AP-10034,Microsoft,Legal,CC-102 Operations,6123.43,8912.25,2024-01-30,EUR
AP-10035,Workday,IT Services,CC-106 Legal,20941.93,33774.21,2024-09-01,EUR
AP-10036,ServiceNow,Cloud,CC-101 Finance,10982.61,17376.32,2024-04-05,INR
AP-10037,Cisco Systems,Consulting,CC-106 Legal,4664.62,6125.48,2024-10-18,INR
AP-10038,Adobe Systems,IT Services,CC-105 Marketing,43349.43,33774.21,2024-10-16,EUR
AP-10039,HCL Technologies,Hardware,CC-102 Operations,27678.06,38141.2,2024-05-15,USD
AP-10040,Oracle,Legal,CC-103 IT,8683.15,8912.25,2024-01-05,USD
AP-10041,Cisco Systems,Consulting,CC-101 Finance,4914.8,6125.48,2024-03-08,USD
AP-10042,I.B.M.,Facilities,CC-103 IT,33093.89,35451.48,2024-12-26,USD
AP-10043,Cisco Systems,IT Services,CC-106 Legal,24309.04,33774.21,2024-12-05,INR
AP-10044,Oracle,Consulting,CC-101 Finance,4056.17,6125.48,2024-05-24,EUR
AP-10045,KPMG,Facilities,CC-102 Operations,33365.7,35451.48,2024-09-15,USD
AP-10046,Tata Consultancy,IT Services,CC-101 Finance,31468.76,33774.21,2024-01-23,INR
AP-10047,HCL Technologies,Cloud,CC-106 Legal,11548.87,17376.32,2024-08-14,EUR
AP-10048,Microsoft,IT Services,CC-101 Finance,45941.58,33774.21,2024-03-17,EUR
AP-10049,Deloitte & Co,Cloud,CC-104 HR,12568.35,17376.32,2024-01-21,USD
AP-10050,KPMG,Software Licenses,CC-106 Legal,19937.54,15044.48,2024-07-27,EUR
AP-10051,Oracle Corporation,Cloud,CC-102 Operations,10598.07,17376.32,2024-06-19,USD
AP-10052,McKinsey & Co,Hardware,CC-102 Operations,24533.88,38141.2,2024-01-20,USD
AP-10053,McKinsey & Co,Software Licenses,CC-104 HR,13964.51,15044.48,2024-04-26,INR
AP-10054,Accenture Ltd,Marketing,CC-103 IT,28342.53,45148.08,2024-05-22,USD
AP-10055,ServiceNow,Marketing,CC-106 Legal,36772.49,45148.08,2024-01-15,INR
AP-10056,Tata Consultancy,Cloud,CC-105 Marketing,12270.92,17376.32,2024-02-25,EUR
AP-10057,Microsoft,Facilities,CC-106 Legal,27459.21,35451.48,2024-09-18,INR
AP-10058,SAP SE,Software Licenses,CC-103 IT,18177.64,15044.48,2024-09-23,EUR
AP-10059,KPMG,Facilities,CC-104 HR,45584.96,35451.48,2024-06-18,EUR
AP-10060,HCL Technologies,Consulting,CC-106 Legal,4917.84,6125.48,2024-12-07,USD
AP-10061,HCL Technologies,Marketing,CC-106 Legal,29387.57,45148.08,2024-08-03,EUR
AP-10062,SAP SE,Cloud,CC-105 Marketing,13248.23,17376.32,2024-01-01,USD
AP-10063,Infosys,Software Licenses,CC-104 HR,12677.45,15044.48,2024-06-13,USD
AP-10064,Google Cloud,Legal,CC-106 Legal,7034.21,8912.25,2024-03-27,EUR
AP-10065,IBM India,Facilities,CC-101 Finance,31922.47,35451.48,2024-12-10,USD
AP-10066,McKinsey & Co,Software Licenses,CC-102 Operations,17199.55,15044.48,2024-08-31,EUR
AP-10067,IBM Ltd,Marketing,CC-106 Legal,40061.62,45148.08,2024-07-15,USD
AP-10068,SAP SE,Software Licenses,CC-102 Operations,9060.06,15044.48,2024-02-24,USD
AP-10069,McKinsey & Co,Cloud,CC-106 Legal,10774.84,17376.32,2024-05-07,INR
AP-10070,Google Cloud,Cloud,CC-104 HR,17292.17,17376.32,2024-10-31,USD
AP-10071,Google Cloud,Marketing,CC-105 Marketing,29963.12,45148.08,2024-08-31,USD
AP-10072,Tata Consultancy,Software Licenses,CC-106 Legal,13706.57,15044.48,2024-09-05,EUR
AP-10073,McKinsey & Co,Hardware,CC-104 HR,44135.0,38141.2,2024-05-19,USD
AP-10074,HCL Technologies,Consulting,CC-102 Operations,4613.8,6125.48,2024-03-19,EUR
AP-10075,KPMG,Consulting,CC-104 HR,5004.79,6125.48,2024-07-31,INR
AP-10076,KPMG,Marketing,CC-104 HR,37636.87,45148.08,2024-12-22,INR
AP-10077,Adobe Systems,Marketing,CC-104 HR,53256.58,45148.08,2024-07-18,USD
AP-10078,Workday,Software Licenses,CC-104 HR,11649.46,15044.48,2024-01-15,USD
AP-10079,HCL Technologies,Marketing,CC-106 Legal,35529.56,45148.08,2024-03-06,EUR
AP-10080,Workday,IT Services,CC-104 HR,29221.44,33774.21,2024-02-12,EUR
AP-10081,Microsoft,Cloud,CC-104 HR,12234.02,17376.32,2024-06-16,INR
AP-10082,Google Cloud,Facilities,CC-103 IT,26647.12,35451.48,2024-08-03,USD
AP-10083,IBM Ltd,IT Services,CC-106 Legal,33772.96,33774.21,2024-06-28,INR
AP-10084,IBM,IT Services,CC-102 Operations,20539.85,33774.21,2024-03-19,INR
AP-10085,ORACLE CORP,Consulting,CC-105 Marketing,4814.71,6125.48,2024-05-11,USD
AP-10086,Amazon Web Services,Cloud,CC-103 IT,18570.61,17376.32,2024-06-08,EUR
AP-10087,SAP SE,Marketing,CC-106 Legal,37781.68,45148.08,2024-11-17,INR
AP-10088,Wipro Limited,Consulting,CC-105 Marketing,4526.0,6125.48,2024-08-07,EUR
AP-10089,Cognizant,Consulting,CC-105 Marketing,3706.29,6125.48,2024-08-03,USD
AP-10090,WIPRO,Facilities,CC-106 Legal,27790.26,35451.48,2024-03-19,USD
AP-10091,Amazon AWS,Legal,CC-104 HR,7953.39,8912.25,2024-05-17,USD
AP-10092,McKinsey & Co,Consulting,CC-103 IT,4272.8,6125.48,2024-08-25,EUR
AP-10093,Cisco Systems,Marketing,CC-103 IT,60919.39,45148.08,2024-04-03,USD
AP-10094,KPMG,Facilities,CC-103 IT,33754.35,35451.48,2024-12-25,USD
AP-10095,Workday,IT Services,CC-105 Marketing,21421.13,33774.21,2024-07-27,USD
AP-10096,Workday,Software Licenses,CC-106 Legal,13310.41,15044.48,2024-08-17,INR
AP-10097,IBM India,Software Licenses,CC-104 HR,10869.37,15044.48,2024-10-24,USD
AP-10098,Salesforce,Facilities,CC-104 HR,29075.72,35451.48,2024-06-29,EUR
AP-10099,Google Cloud,Hardware,CC-103 IT,24725.5,38141.2,2024-04-08,USD
AP-10100,Wipro Ltd,Software Licenses,CC-102 Operations,10690.61,15044.48,2024-10-28,EUR
AP-10101,Cisco Systems,Hardware,CC-101 Finance,27404.4,38141.2,2024-07-03,INR
AP-10102,Infosys,IT Services,CC-106 Legal,23970.39,33774.21,2024-01-28,EUR
AP-10103,Infosys,Cloud,CC-106 Legal,13837.66,17376.32,2024-01-07,EUR
AP-10104,Infosys,Legal,CC-104 HR,6004.59,8912.25,2024-01-27,USD
AP-10105,Salesforce,Consulting,CC-101 Finance,3856.8,6125.48,2024-11-18,EUR
AP-10106,Deloitte,Cloud,CC-105 Marketing,11017.84,17376.32,2024-05-07,INR
AP-10107,Workday,Marketing,CC-105 Marketing,38257.01,45148.08,2024-09-24,USD
AP-10108,Google Cloud,Legal,CC-103 IT,8876.71,8912.25,2024-06-05,EUR
AP-10109,Cisco Systems,IT Services,CC-105 Marketing,21605.14,33774.21,2024-04-16,EUR
AP-10110,KPMG,Hardware,CC-106 Legal,43540.25,38141.2,2024-10-09,INR
AP-10111,Amazon Web Services,Marketing,CC-104 HR,35575.11,45148.08,2024-01-17,INR
AP-10112,Infosys,Hardware,CC-106 Legal,23970.67,38141.2,2024-04-29,USD
AP-10113,Adobe Systems,Software Licenses,CC-104 HR,17097.08,15044.48,2024-03-17,USD
AP-10114,Oracle Corp,IT Services,CC-102 Operations,28303.38,33774.21,2024-10-18,USD
AP-10115,Google Cloud,Consulting,CC-104 HR,5389.77,6125.48,2024-05-19,EUR
AP-10116,Workday,Legal,CC-104 HR,9567.77,8912.25,2024-08-09,EUR
AP-10117,HCL Technologies,Hardware,CC-101 Finance,52903.74,38141.2,2024-10-21,EUR
AP-10118,Accenture Limited,IT Services,CC-102 Operations,29066.21,33774.21,2024-05-22,INR
AP-10119,Adobe Systems,Marketing,CC-106 Legal,44589.24,45148.08,2024-08-28,USD
AP-10120,Microsoft,Facilities,CC-103 IT,33434.05,35451.48,2024-06-17,USD
AP-10121,Salesforce,Hardware,CC-106 Legal,35296.87,38141.2,2024-10-08,INR
AP-10122,Google Cloud,Consulting,CC-103 IT,3959.32,6125.48,2024-07-25,EUR
AP-10123,ACCENTURE,Marketing,CC-101 Finance,33622.31,45148.08,2024-09-12,EUR
AP-10124,Google Cloud,IT Services,CC-102 Operations,22034.47,33774.21,2024-05-27,USD
AP-10125,Salesforce,Consulting,CC-101 Finance,5167.14,6125.48,2024-05-02,EUR
AP-10126,Amazon AWS,IT Services,CC-105 Marketing,23300.16,33774.21,2024-02-28,USD
AP-10127,Wipro Ltd,Legal,CC-106 Legal,7862.07,8912.25,2024-07-31,USD
AP-10128,Salesforce,Software Licenses,CC-104 HR,11335.03,15044.48,2024-11-02,EUR
AP-10129,Oracle Corp,Hardware,CC-104 HR,34902.51,38141.2,2024-05-16,INR
AP-10130,Infosys,Hardware,CC-105 Marketing,32953.09,38141.2,2024-03-17,USD
AP-10131,Workday,Legal,CC-103 IT,8066.91,8912.25,2024-07-12,USD
AP-10132,HCL Technologies,Software Licenses,CC-106 Legal,11331.33,15044.48,2024-07-29,INR
AP-10133,HCL Technologies,Legal,CC-106 Legal,6706.4,8912.25,2024-12-05,EUR
AP-10134,ORACLE CORP,IT Services,CC-102 Operations,28237.68,33774.21,2024-02-21,USD
AP-10135,WIPRO,IT Services,CC-106 Legal,32030.56,33774.21,2024-03-20,INR
AP-10136,Salesforce,Hardware,CC-103 IT,28948.92,38141.2,2024-02-11,USD
AP-10137,Workday,Marketing,CC-103 IT,43115.31,45148.08,2024-09-06,EUR
AP-10138,Deloitte Consulting,Consulting,CC-102 Operations,5931.74,6125.48,2024-04-26,EUR
AP-10139,IBM Ltd,Consulting,CC-106 Legal,3921.55,6125.48,2024-03-26,EUR
AP-10140,Infosys,IT Services,CC-101 Finance,21022.68,33774.21,2024-07-02,USD
AP-10141,Microsoft,Cloud,CC-102 Operations,14359.29,17376.32,2024-04-02,INR
AP-10142,Amazon Web Services,Marketing,CC-105 Marketing,36076.34,45148.08,2024-10-25,INR
AP-10143,McKinsey & Co,Legal,CC-106 Legal,6257.56,8912.25,2024-01-05,USD
AP-10144,Infosys,Cloud,CC-101 Finance,12827.66,17376.32,2024-10-27,USD
AP-10145,Microsoft,Hardware,CC-104 HR,25924.07,38141.2,2024-07-15,USD
AP-10146,Wipro Ltd,Marketing,CC-105 Marketing,32432.08,45148.08,2024-12-24,USD
AP-10147,ACCENTURE,Hardware,CC-101 Finance,33347.61,38141.2,2024-01-26,EUR
AP-10148,Salesforce,Hardware,CC-102 Operations,28259.9,38141.2,2024-11-21,INR
AP-10149,Cisco Systems,Hardware,CC-106 Legal,34593.62,38141.2,2024-12-14,INR
AP-10150,Wipro,Hardware,CC-104 HR,45161.2,38141.2,2024-03-08,INR
AP-10151,Infosys,Facilities,CC-106 Legal,24118.28,35451.48,2024-10-03,USD
AP-10152,ServiceNow,Hardware,CC-102 Operations,35466.58,38141.2,2024-09-03,USD
AP-10153,HCL Technologies,Consulting,CC-104 HR,4020.17,6125.48,2024-04-25,EUR
AP-10154,SAP SE,Facilities,CC-101 Finance,21468.26,35451.48,2024-10-01,INR
AP-10155,Google Cloud,Facilities,CC-106 Legal,24988.49,35451.48,2024-07-14,EUR
AP-10156,Cognizant,Consulting,CC-106 Legal,3736.6,6125.48,2024-10-14,USD
AP-10157,Cisco Systems,Software Licenses,CC-106 Legal,20161.27,15044.48,2024-12-24,USD
AP-10158,Microsoft,Consulting,CC-102 Operations,6570.51,6125.48,2024-09-09,INR
AP-10159,Wipro Ltd,Cloud,CC-104 HR,15086.03,17376.32,2024-12-22,EUR
AP-10160,Microsoft,Cloud,CC-104 HR,16220.4,17376.32,2024-11-11,USD
AP-10161,Tata Consultancy,IT Services,CC-106 Legal,26254.49,33774.21,2024-04-30,USD
AP-10162,Wipro Limited,Facilities,CC-101 Finance,23962.49,35451.48,2024-03-03,USD
AP-10163,I.B.M.,IT Services,CC-101 Finance,23555.06,33774.21,2024-03-05,EUR
AP-10164,KPMG,Consulting,CC-105 Marketing,4204.41,6125.48,2024-04-29,USD
AP-10165,Oracle Corp,Hardware,CC-102 Operations,31126.51,38141.2,2024-03-30,INR
AP-10166,Accenture Ltd,IT Services,CC-103 IT,23478.91,33774.21,2024-06-14,INR
AP-10167,Amazon AWS,IT Services,CC-102 Operations,27371.78,33774.21,2024-02-02,USD
AP-10168,Google Cloud,Facilities,CC-105 Marketing,27680.59,35451.48,2024-04-23,EUR
AP-10169,Deloitte Consulting,Hardware,CC-104 HR,23359.97,38141.2,2024-09-02,USD
AP-10170,Microsoft,Consulting,CC-104 HR,4762.1,6125.48,2024-02-11,USD
AP-10171,Cisco Systems,Cloud,CC-101 Finance,14765.13,17376.32,2024-10-26,EUR
AP-10172,HCL Technologies,Marketing,CC-105 Marketing,35282.6,45148.08,2024-11-05,USD
AP-10173,Wipro,Software Licenses,CC-104 HR,10401.71,15044.48,2024-06-22,USD
AP-10174,SAP SE,Marketing,CC-106 Legal,54407.94,45148.08,2024-12-06,USD
AP-10175,Cognizant,Cloud,CC-106 Legal,10892.4,17376.32,2024-02-13,INR
AP-10176,Microsoft,Consulting,CC-106 Legal,5664.28,6125.48,2024-10-11,INR
AP-10177,Adobe Systems,Facilities,CC-106 Legal,26285.12,35451.48,2024-12-06,USD
AP-10178,Deloitte & Co,Hardware,CC-103 IT,47009.8,38141.2,2024-03-20,EUR
AP-10179,Salesforce,Software Licenses,CC-101 Finance,12374.18,15044.48,2024-02-28,USD
AP-10180,Adobe Systems,Software Licenses,CC-104 HR,14891.31,15044.48,2024-11-14,EUR
AP-10181,Workday,IT Services,CC-105 Marketing,31470.28,33774.21,2024-05-16,INR
AP-10182,Amazon AWS,Hardware,CC-103 IT,25652.33,38141.2,2024-03-14,EUR
AP-10183,SAP SE,Consulting,CC-102 Operations,6056.41,6125.48,2024-02-16,EUR
AP-10184,ServiceNow,Software Licenses,CC-104 HR,11078.13,15044.48,2024-07-08,USD
AP-10185,HCL Technologies,Consulting,CC-101 Finance,5523.8,6125.48,2024-01-26,EUR
AP-10186,IBM India,Legal,CC-106 Legal,7511.52,8912.25,2024-07-31,USD
AP-10187,KPMG,Consulting,CC-103 IT,4369.3,6125.48,2024-12-13,EUR
AP-10188,Salesforce,Hardware,CC-101 Finance,37903.9,38141.2,2024-01-29,INR
AP-10189,KPMG,Hardware,CC-102 Operations,34543.13,38141.2,2024-05-28,USD
AP-10190,Wipro,Legal,CC-106 Legal,5807.88,8912.25,2024-09-29,EUR
AP-10191,McKinsey & Co,Facilities,CC-101 Finance,31793.47,35451.48,2024-08-11,INR
AP-10192,Google Cloud,Consulting,CC-103 IT,5080.23,6125.48,2024-12-29,EUR
AP-10193,Microsoft,Hardware,CC-101 Finance,37625.53,38141.2,2024-03-28,EUR
AP-10194,Google Cloud,Facilities,CC-101 Finance,22772.09,35451.48,2024-08-11,EUR
AP-10195,SAP SE,Consulting,CC-104 HR,5502.65,6125.48,2024-04-23,USD
AP-10196,Amazon Web Services,Consulting,CC-105 Marketing,5894.97,6125.48,2024-06-27,USD
AP-10197,Oracle Corporation,Consulting,CC-102 Operations,4100.39,6125.48,2024-03-19,EUR
AP-10198,I.B.M.,Legal,CC-104 HR,8056.24,8912.25,2024-08-17,EUR
AP-10199,Adobe Systems,Facilities,CC-106 Legal,27506.99,35451.48,2024-08-28,USD
AP-10200,Infosys,Hardware,CC-105 Marketing,47008.82,38141.2,2024-06-07,USD
AP-10201,Google Cloud,IT Services,CC-101 Finance,24142.85,33774.21,2024-11-26,INR
AP-10202,Cisco Systems,Marketing,CC-104 HR,44321.54,45148.08,2024-01-22,USD
AP-10203,Adobe Systems,Software Licenses,CC-103 IT,12043.81,15044.48,2024-02-01,USD
AP-10204,Wipro Limited,Consulting,CC-105 Marketing,3771.19,6125.48,2024-12-28,USD
AP-10205,Google Cloud,Cloud,CC-103 IT,12392.05,17376.32,2024-07-28,USD
AP-10206,Cisco Systems,IT Services,CC-106 Legal,21154.97,33774.21,2024-02-18,EUR
AP-10207,SAP SE,Hardware,CC-103 IT,32901.58,38141.2,2024-11-04,INR
AP-10208,HCL Technologies,Consulting,CC-105 Marketing,5921.49,6125.48,2024-06-07,EUR
AP-10209,SAP SE,Cloud,CC-105 Marketing,11014.63,17376.32,2024-10-13,USD
AP-10210,HCL Technologies,Cloud,CC-106 Legal,17008.7,17376.32,2024-12-16,EUR
AP-10211,IBM Ltd,Facilities,CC-101 Finance,23827.12,35451.48,2024-04-19,USD
AP-10212,Salesforce,Software Licenses,CC-102 Operations,9959.12,15044.48,2024-05-31,INR
AP-10213,ServiceNow,IT Services,CC-106 Legal,30617.1,33774.21,2024-03-08,EUR
AP-10214,SAP SE,Cloud,CC-102 Operations,15241.44,17376.32,2024-11-15,INR
AP-10215,Google Cloud,IT Services,CC-104 HR,29985.9,33774.21,2024-08-15,EUR
AP-10216,Infosys,Legal,CC-102 Operations,6450.57,8912.25,2024-08-28,INR
AP-10217,Cognizant,Legal,CC-104 HR,8121.28,8912.25,2024-09-14,EUR
AP-10218,Microsoft,Cloud,CC-102 Operations,11387.73,17376.32,2024-05-08,INR
AP-10219,Salesforce,Facilities,CC-105 Marketing,31358.98,35451.48,2024-09-21,INR
AP-10220,Infosys,Consulting,CC-102 Operations,5893.46,6125.48,2024-03-16,USD
AP-10221,I.B.M.,Legal,CC-103 IT,6826.42,8912.25,2024-07-21,EUR
AP-10222,Cognizant,Software Licenses,CC-104 HR,11282.83,15044.48,2024-01-15,USD
AP-10223,Wipro Limited,Cloud,CC-102 Operations,23838.83,17376.32,2024-08-29,EUR
AP-10224,ORACLE CORP,Legal,CC-105 Marketing,9687.05,8912.25,2024-05-11,INR
AP-10225,ORACLE CORP,Consulting,CC-103 IT,3973.84,6125.48,2024-05-02,USD
AP-10226,Cisco Systems,Legal,CC-101 Finance,12189.73,8912.25,2024-11-01,EUR
AP-10227,Accenture Ltd,Cloud,CC-103 IT,14699.04,17376.32,2024-05-03,EUR
AP-10228,Microsoft,Cloud,CC-106 Legal,14064.29,17376.32,2024-07-03,INR
AP-10229,ServiceNow,IT Services,CC-104 HR,20852.66,33774.21,2024-07-17,USD
AP-10230,Tata Consultancy,IT Services,CC-103 IT,24922.7,33774.21,2024-12-02,EUR
AP-10231,Wipro Limited,Cloud,CC-101 Finance,12778.87,17376.32,2024-11-25,INR
AP-10232,Google Cloud,Legal,CC-106 Legal,5828.09,8912.25,2024-08-22,INR
AP-10233,Infosys,Software Licenses,CC-101 Finance,14357.19,15044.48,2024-06-10,USD
AP-10234,ServiceNow,Marketing,CC-105 Marketing,27750.19,45148.08,2024-11-27,INR
AP-10235,Infosys,Facilities,CC-101 Finance,25977.78,35451.48,2024-03-04,USD
AP-10236,Microsoft,Marketing,CC-106 Legal,44362.12,45148.08,2024-06-22,INR
AP-10237,Salesforce,Legal,CC-103 IT,7198.52,8912.25,2024-02-12,EUR
AP-10238,Microsoft,Consulting,CC-104 HR,5690.18,6125.48,2024-10-06,USD
AP-10239,HCL Technologies,Consulting,CC-101 Finance,4399.66,6125.48,2024-08-16,EUR
AP-10240,Microsoft,Cloud,CC-106 Legal,13533.58,17376.32,2024-06-29,EUR
AP-10241,Microsoft,Hardware,CC-106 Legal,37346.4,38141.2,2024-02-08,EUR
AP-10242,SAP SE,Facilities,CC-105 Marketing,30905.33,35451.48,2024-01-16,INR
AP-10243,Cisco Systems,Legal,CC-101 Finance,6188.65,8912.25,2024-11-26,USD
AP-10244,Cognizant,Marketing,CC-105 Marketing,50212.29,45148.08,2024-08-18,USD
AP-10245,Cognizant,Legal,CC-101 Finance,7234.82,8912.25,2024-07-22,USD
AP-10246,Tata Consultancy,Software Licenses,CC-101 Finance,16898.81,15044.48,2024-09-22,USD
AP-10247,Workday,Consulting,CC-103 IT,5400.32,6125.48,2024-04-19,EUR
AP-10248,Infosys,Legal,CC-102 Operations,8387.59,8912.25,2024-08-19,INR
AP-10249,Google Cloud,Consulting,CC-106 Legal,6092.59,6125.48,2024-12-07,USD
AP-10250,IBM India,Hardware,CC-102 Operations,37032.43,38141.2,2024-11-22,INR
AP-10251,Cognizant,Software Licenses,CC-101 Finance,13793.17,15044.48,2024-05-01,USD
AP-10252,Accenture Limited,Facilities,CC-104 HR,29093.57,35451.48,2024-11-09,INR
AP-10253,IBM India,Marketing,CC-106 Legal,36582.51,45148.08,2024-07-28,EUR
AP-10254,I.B.M.,Facilities,CC-106 Legal,43193.49,35451.48,2024-09-21,USD
AP-10255,Oracle Corporation,Cloud,CC-104 HR,16460.32,17376.32,2024-03-04,EUR
AP-10256,Oracle,Cloud,CC-102 Operations,15356.02,17376.32,2024-06-26,EUR
AP-10257,Infosys,Consulting,CC-103 IT,6018.53,6125.48,2024-05-20,INR
AP-10258,Infosys,Consulting,CC-105 Marketing,5125.33,6125.48,2024-10-24,INR
AP-10259,Amazon AWS,IT Services,CC-101 Finance,46693.05,33774.21,2024-10-22,USD
AP-10260,KPMG,Marketing,CC-105 Marketing,36083.03,45148.08,2024-11-17,EUR
AP-10261,Infosys,Hardware,CC-104 HR,35202.03,38141.2,2024-07-26,USD
AP-10262,Google Cloud,Consulting,CC-106 Legal,7408.56,6125.48,2024-09-04,USD
AP-10263,KPMG,Facilities,CC-105 Marketing,33487.26,35451.48,2024-06-12,EUR
AP-10264,Cognizant,Marketing,CC-102 Operations,36388.99,45148.08,2024-02-24,USD
AP-10265,McKinsey & Co,Legal,CC-101 Finance,6231.16,8912.25,2024-02-19,INR
AP-10266,Infosys,Marketing,CC-105 Marketing,44474.22,45148.08,2024-03-22,USD
AP-10267,Adobe Systems,Facilities,CC-102 Operations,28336.59,35451.48,2024-09-20,USD
AP-10268,Salesforce,Hardware,CC-104 HR,52687.46,38141.2,2024-09-15,USD
AP-10269,McKinsey & Co,Software Licenses,CC-105 Marketing,9330.83,15044.48,2024-09-10,EUR
AP-10270,Salesforce,Hardware,CC-105 Marketing,41823.7,38141.2,2024-03-09,USD
AP-10271,Cognizant,Marketing,CC-103 IT,48642.25,45148.08,2024-10-14,INR
AP-10272,Cognizant,Hardware,CC-101 Finance,29755.54,38141.2,2024-10-08,USD
AP-10273,Cisco Systems,Consulting,CC-102 Operations,4640.43,6125.48,2024-06-22,EUR
AP-10274,Cognizant,Cloud,CC-102 Operations,13215.64,17376.32,2024-01-21,INR
AP-10275,Deloitte,Facilities,CC-104 HR,23382.95,35451.48,2024-09-20,INR
AP-10276,HCL Technologies,Facilities,CC-102 Operations,30013.23,35451.48,2024-06-02,EUR
AP-10277,HCL Technologies,Legal,CC-106 Legal,7040.29,8912.25,2024-01-09,USD
AP-10278,HCL Technologies,Consulting,CC-104 HR,5627.49,6125.48,2024-12-18,EUR
AP-10279,ACCENTURE,Hardware,CC-106 Legal,34726.22,38141.2,2024-10-22,INR
AP-10280,Deloitte Consulting,Legal,CC-102 Operations,7918.29,8912.25,2024-07-13,INR
AP-10281,McKinsey & Co,IT Services,CC-105 Marketing,21749.18,33774.21,2024-01-10,USD
AP-10282,HCL Technologies,Marketing,CC-102 Operations,30770.98,45148.08,2024-09-13,EUR
AP-10283,Salesforce,IT Services,CC-106 Legal,23065.65,33774.21,2024-06-15,EUR
AP-10284,Salesforce,Marketing,CC-103 IT,35390.02,45148.08,2024-09-29,USD
AP-10285,Workday,Facilities,CC-106 Legal,31494.03,35451.48,2024-11-25,EUR
AP-10286,Tata Consultancy,Legal,CC-102 Operations,6341.98,8912.25,2024-06-01,INR
AP-10287,Infosys,Hardware,CC-106 Legal,33640.36,38141.2,2024-06-11,USD
AP-10288,Cognizant,Hardware,CC-103 IT,33207.59,38141.2,2024-07-13,USD
AP-10289,Cognizant,Cloud,CC-103 IT,24062.84,17376.32,2024-02-10,USD
AP-10290,Google Cloud,Hardware,CC-106 Legal,25967.57,38141.2,2024-10-02,USD
AP-10291,Workday,Hardware,CC-102 Operations,50037.55,38141.2,2024-05-02,INR
AP-10292,Deloitte Consulting,Software Licenses,CC-106 Legal,9629.66,15044.48,2024-06-18,EUR
AP-10293,Salesforce,Consulting,CC-106 Legal,3687.98,6125.48,2024-10-08,INR
AP-10294,Microsoft,Legal,CC-104 HR,8042.1,8912.25,2024-05-27,USD
AP-10295,Infosys,IT Services,CC-101 Finance,23401.75,33774.21,2024-01-20,INR
AP-10296,Microsoft,Cloud,CC-101 Finance,13185.11,17376.32,2024-09-10,INR
AP-10297,Infosys,IT Services,CC-101 Finance,28407.93,33774.21,2024-06-20,USD
AP-10298,Google Cloud,Legal,CC-102 Operations,7015.8,8912.25,2024-04-08,INR
AP-10299,HCL Technologies,Cloud,CC-106 Legal,12213.92,17376.32,2024-04-05,INR
AP-10300,HCL Technologies,Hardware,CC-105 Marketing,25831.68,38141.2,2024-11-08,EUR
AP-10301,SAP SE,Marketing,CC-105 Marketing,34327.59,45148.08,2024-02-18,INR
AP-10302,ORACLE CORP,Facilities,CC-102 Operations,42201.98,35451.48,2024-08-16,USD
AP-10303,HCL Technologies,Hardware,CC-105 Marketing,23059.19,38141.2,2024-11-30,USD
AP-10304,McKinsey & Co,IT Services,CC-106 Legal,39323.79,33774.21,2024-07-26,EUR
AP-10305,ServiceNow,Hardware,CC-106 Legal,52310.06,38141.2,2024-05-31,USD
AP-10306,Cisco Systems,Software Licenses,CC-102 Operations,11904.29,15044.48,2024-08-20,EUR
AP-10307,Cisco Systems,Facilities,CC-104 HR,34214.89,35451.48,2024-10-02,EUR
AP-10308,KPMG,Software Licenses,CC-106 Legal,14281.03,15044.48,2024-02-11,EUR
AP-10309,Google Cloud,Facilities,CC-101 Finance,22862.08,35451.48,2024-10-07,EUR
AP-10310,KPMG,Cloud,CC-102 Operations,14042.44,17376.32,2024-02-29,EUR
AP-10311,KPMG,Legal,CC-101 Finance,6935.45,8912.25,2024-01-29,USD
AP-10312,ORACLE CORP,Legal,CC-105 Marketing,10848.07,8912.25,2024-06-06,EUR
AP-10313,ACCENTURE,Hardware,CC-101 Finance,31707.71,38141.2,2024-01-24,USD
AP-10314,Cognizant,Consulting,CC-105 Marketing,5965.2,6125.48,2024-02-05,USD
AP-10315,Deloitte & Co,Marketing,CC-102 Operations,40919.11,45148.08,2024-11-26,USD
AP-10316,Cognizant,Marketing,CC-104 HR,43464.37,45148.08,2024-07-11,INR
AP-10317,Workday,Cloud,CC-106 Legal,11250.36,17376.32,2024-10-02,USD
AP-10318,ServiceNow,Cloud,CC-106 Legal,16228.24,17376.32,2024-01-12,USD
AP-10319,Google Cloud,Marketing,CC-105 Marketing,31236.4,45148.08,2024-08-23,USD
AP-10320,Oracle,Software Licenses,CC-106 Legal,9220.57,15044.48,2024-12-04,USD
AP-10321,Cisco Systems,IT Services,CC-102 Operations,21627.61,33774.21,2024-01-18,USD
AP-10322,Cisco Systems,IT Services,CC-102 Operations,25699.0,33774.21,2024-04-29,EUR
AP-10323,KPMG,IT Services,CC-102 Operations,24172.38,33774.21,2024-10-21,USD
AP-10324,Adobe Systems,Facilities,CC-102 Operations,23302.41,35451.48,2024-12-04,EUR
AP-10325,McKinsey & Co,Marketing,CC-103 IT,37142.75,45148.08,2024-10-29,EUR
AP-10326,Amazon Web Svc,Legal,CC-101 Finance,8704.01,8912.25,2024-12-09,USD
AP-10327,ServiceNow,Facilities,CC-106 Legal,23386.88,35451.48,2024-07-11,INR
AP-10328,Workday,Legal,CC-102 Operations,6419.45,8912.25,2024-12-28,INR
AP-10329,Google Cloud,IT Services,CC-105 Marketing,25891.42,33774.21,2024-09-28,INR
AP-10330,SAP SE,Software Licenses,CC-103 IT,12918.43,15044.48,2024-08-18,USD
AP-10331,I.B.M.,IT Services,CC-103 IT,28437.47,33774.21,2024-01-21,INR
AP-10332,KPMG,Software Licenses,CC-104 HR,14485.02,15044.48,2024-06-04,INR
AP-10333,KPMG,Software Licenses,CC-106 Legal,21060.08,15044.48,2024-09-02,INR
AP-10334,Cisco Systems,Software Licenses,CC-104 HR,12348.99,15044.48,2024-05-24,USD
AP-10335,Google Cloud,Facilities,CC-103 IT,28542.93,35451.48,2024-09-11,USD
AP-10336,WIPRO,Facilities,CC-102 Operations,27140.66,35451.48,2024-10-15,INR
AP-10337,Oracle Corp,Hardware,CC-105 Marketing,31720.4,38141.2,2024-08-01,USD
AP-10338,Oracle Corporation,Facilities,CC-102 Operations,33088.46,35451.48,2024-09-12,EUR
AP-10339,HCL Technologies,Hardware,CC-104 HR,32674.72,38141.2,2024-09-08,USD
AP-10340,Amazon AWS,Cloud,CC-102 Operations,13819.85,17376.32,2024-10-04,EUR
AP-10341,Deloitte Consulting,IT Services,CC-101 Finance,29291.91,33774.21,2024-01-04,USD
AP-10342,Oracle Corporation,Consulting,CC-106 Legal,4211.19,6125.48,2024-08-21,USD
AP-10343,Deloitte Consulting,Legal,CC-106 Legal,5370.92,8912.25,2024-10-09,USD
AP-10344,Accenture,Hardware,CC-105 Marketing,23146.26,38141.2,2024-12-23,EUR
AP-10345,Microsoft,Cloud,CC-101 Finance,14070.55,17376.32,2024-05-03,INR
AP-10346,Cisco Systems,Hardware,CC-103 IT,28939.96,38141.2,2024-07-10,USD
AP-10347,Google Cloud,Software Licenses,CC-106 Legal,13143.11,15044.48,2024-02-11,EUR
AP-10348,Deloitte,Marketing,CC-104 HR,35685.13,45148.08,2024-11-22,INR
AP-10349,Amazon Web Services,Legal,CC-104 HR,6528.3,8912.25,2024-02-18,EUR
AP-10350,Deloitte,Software Licenses,CC-106 Legal,11888.15,15044.48,2024-01-24,INR
AP-10351,Tata Consultancy,IT Services,CC-102 Operations,24513.11,33774.21,2024-04-16,EUR
AP-10352,ORACLE CORP,Consulting,CC-103 IT,4264.49,6125.48,2024-07-18,EUR
AP-10353,Workday,Facilities,CC-104 HR,23255.47,35451.48,2024-12-18,EUR
AP-10354,IBM India,IT Services,CC-101 Finance,31594.76,33774.21,2024-06-23,EUR
AP-10355,Cisco Systems,Marketing,CC-103 IT,52052.63,45148.08,2024-08-18,USD
AP-10356,McKinsey & Co,Facilities,CC-105 Marketing,27394.75,35451.48,2024-12-14,EUR
AP-10357,SAP SE,Consulting,CC-105 Marketing,4279.14,6125.48,2024-02-07,INR
AP-10358,Tata Consultancy,Cloud,CC-104 HR,14831.74,17376.32,2024-07-18,USD
AP-10359,Cognizant,Consulting,CC-101 Finance,7135.03,6125.48,2024-07-03,USD
AP-10360,Wipro Ltd,Consulting,CC-102 Operations,5040.01,6125.48,2024-09-19,USD
AP-10361,Wipro,Consulting,CC-103 IT,5137.87,6125.48,2024-06-15,USD
AP-10362,Accenture Limited,Marketing,CC-104 HR,40178.97,45148.08,2024-10-13,INR
AP-10363,Adobe Systems,Cloud,CC-106 Legal,11390.8,17376.32,2024-06-03,USD
AP-10364,Salesforce,Cloud,CC-101 Finance,12343.87,17376.32,2024-06-02,USD
AP-10365,IBM India,Hardware,CC-102 Operations,30448.92,38141.2,2024-11-11,INR
AP-10366,Google Cloud,Consulting,CC-102 Operations,6000.09,6125.48,2024-06-19,EUR
AP-10367,SAP SE,Facilities,CC-104 HR,32834.81,35451.48,2024-11-29,EUR
AP-10368,Oracle,Facilities,CC-105 Marketing,24119.08,35451.48,2024-06-09,INR
AP-10369,SAP SE,Facilities,CC-103 IT,30245.82,35451.48,2024-10-21,INR
AP-10370,HCL Technologies,Marketing,CC-103 IT,34184.95,45148.08,2024-02-28,EUR
AP-10371,KPMG,Cloud,CC-106 Legal,10612.87,17376.32,2024-08-24,EUR
AP-10372,KPMG,Legal,CC-103 IT,5593.89,8912.25,2024-07-28,EUR
AP-10373,Salesforce,Cloud,CC-106 Legal,12182.06,17376.32,2024-03-19,EUR
AP-10374,Microsoft,Marketing,CC-101 Finance,37887.07,45148.08,2024-10-25,USD
AP-10375,Workday,Marketing,CC-105 Marketing,62722.67,45148.08,2024-12-25,EUR
AP-10376,Cisco Systems,Consulting,CC-101 Finance,5286.54,6125.48,2024-06-30,INR
AP-10377,Cisco Systems,IT Services,CC-105 Marketing,29416.96,33774.21,2024-07-23,USD
AP-10378,Microsoft,Consulting,CC-101 Finance,6955.36,6125.48,2024-09-22,EUR
AP-10379,Adobe Systems,Software Licenses,CC-104 HR,11813.31,15044.48,2024-12-13,EUR
AP-10380,ServiceNow,Cloud,CC-103 IT,13781.31,17376.32,2024-05-31,USD
AP-10381,IBM,Cloud,CC-103 IT,13590.59,17376.32,2024-04-15,EUR
AP-10382,Salesforce,Facilities,CC-104 HR,46281.13,35451.48,2024-08-19,USD
AP-10383,IBM India,IT Services,CC-106 Legal,45551.99,33774.21,2024-11-27,INR
AP-10384,AWS,Cloud,CC-105 Marketing,14317.04,17376.32,2024-08-24,INR
AP-10385,SAP SE,Cloud,CC-102 Operations,13429.35,17376.32,2024-01-15,EUR
AP-10386,Cisco Systems,Software Licenses,CC-104 HR,11366.62,15044.48,2024-12-26,INR
AP-10387,KPMG,Hardware,CC-106 Legal,23839.22,38141.2,2024-02-22,EUR
AP-10388,Amazon AWS,Facilities,CC-102 Operations,24991.21,35451.48,2024-09-07,EUR
AP-10389,HCL Technologies,Marketing,CC-105 Marketing,29151.79,45148.08,2024-06-29,USD
AP-10390,Cisco Systems,Cloud,CC-106 Legal,12493.19,17376.32,2024-11-10,EUR
AP-10391,I.B.M.,Facilities,CC-101 Finance,22929.29,35451.48,2024-07-10,EUR
AP-10392,ORACLE CORP,Marketing,CC-105 Marketing,34018.36,45148.08,2024-04-05,USD
AP-10393,Workday,Cloud,CC-105 Marketing,12433.35,17376.32,2024-04-05,USD
AP-10394,Google Cloud,IT Services,CC-103 IT,26811.44,33774.21,2024-04-09,USD
AP-10395,Workday,Legal,CC-104 HR,6829.03,8912.25,2024-08-15,USD
AP-10396,Amazon Web Services,IT Services,CC-102 Operations,23977.7,33774.21,2024-10-02,USD
AP-10397,Amazon Web Svc,Legal,CC-105 Marketing,7389.02,8912.25,2024-05-17,EUR
AP-10398,Cognizant,IT Services,CC-106 Legal,23216.96,33774.21,2024-08-05,INR
AP-10399,McKinsey & Co,Hardware,CC-101 Finance,28202.78,38141.2,2024-02-14,USD
AP-10400,Wipro Ltd,Software Licenses,CC-106 Legal,11136.71,15044.48,2024-12-29,EUR
AP-10401,Microsoft,Cloud,CC-105 Marketing,11861.91,17376.32,2024-04-15,INR
AP-10402,Adobe Systems,Facilities,CC-105 Marketing,28910.94,35451.48,2024-06-14,EUR
AP-10403,Infosys,Hardware,CC-105 Marketing,35975.04,38141.2,2024-12-13,INR
AP-10404,ORACLE CORP,IT Services,CC-103 IT,21978.75,33774.21,2024-03-08,INR
AP-10405,Oracle,Software Licenses,CC-106 Legal,9882.25,15044.48,2024-11-19,USD
AP-10406,Microsoft,Marketing,CC-104 HR,60054.33,45148.08,2024-02-17,USD
AP-10407,ServiceNow,Hardware,CC-106 Legal,28515.45,38141.2,2024-09-06,USD
AP-10408,Adobe Systems,IT Services,CC-106 Legal,46964.09,33774.21,2024-11-21,EUR
AP-10409,Cognizant,Consulting,CC-105 Marketing,6047.39,6125.48,2024-04-18,USD
AP-10410,Tata Consultancy,Facilities,CC-103 IT,29466.33,35451.48,2024-10-16,USD
AP-10411,HCL Technologies,IT Services,CC-101 Finance,44802.25,33774.21,2024-08-23,INR
AP-10412,Wipro Ltd,Legal,CC-104 HR,12349.98,8912.25,2024-04-13,EUR
AP-10413,Oracle,Cloud,CC-103 IT,20548.33,17376.32,2024-02-12,USD
AP-10414,Amazon Web Services,Marketing,CC-106 Legal,39720.22,45148.08,2024-04-29,USD
AP-10415,IBM,IT Services,CC-102 Operations,22057.26,33774.21,2024-04-25,EUR
AP-10416,Google Cloud,IT Services,CC-101 Finance,31303.41,33774.21,2024-08-04,EUR
AP-10417,ORACLE CORP,Consulting,CC-102 Operations,5465.8,6125.48,2024-02-22,INR
AP-10418,HCL Technologies,Facilities,CC-103 IT,32239.02,35451.48,2024-03-09,EUR
AP-10419,Oracle Corp,IT Services,CC-105 Marketing,26210.13,33774.21,2024-04-19,EUR
AP-10420,ORACLE CORP,Legal,CC-102 Operations,9751.41,8912.25,2024-03-04,EUR
AP-10421,SAP SE,Facilities,CC-104 HR,23253.76,35451.48,2024-05-21,EUR
AP-10422,I.B.M.,Hardware,CC-106 Legal,51414.48,38141.2,2024-06-03,INR
AP-10423,ServiceNow,Software Licenses,CC-106 Legal,12915.2,15044.48,2024-05-02,USD
AP-10424,SAP SE,Consulting,CC-102 Operations,5130.53,6125.48,2024-09-27,INR
AP-10425,Cognizant,Facilities,CC-102 Operations,33168.03,35451.48,2024-08-03,USD
AP-10426,Workday,Cloud,CC-104 HR,15780.25,17376.32,2024-01-09,EUR
AP-10427,IBM,Hardware,CC-102 Operations,41213.83,38141.2,2024-07-22,EUR
AP-10428,Infosys,Marketing,CC-104 HR,28577.43,45148.08,2024-10-01,EUR
AP-10429,Cisco Systems,Cloud,CC-103 IT,18885.75,17376.32,2024-04-14,INR
AP-10430,Workday,Facilities,CC-104 HR,32093.86,35451.48,2024-11-28,EUR
AP-10431,IBM India,Marketing,CC-106 Legal,31398.46,45148.08,2024-05-05,INR
AP-10432,Microsoft,Consulting,CC-104 HR,3810.12,6125.48,2024-12-07,EUR
AP-10433,Amazon Web Services,IT Services,CC-106 Legal,20417.87,33774.21,2024-09-11,USD
AP-10434,ServiceNow,Hardware,CC-102 Operations,34323.67,38141.2,2024-05-17,EUR
AP-10435,Wipro,Facilities,CC-104 HR,22176.63,35451.48,2024-12-30,EUR
AP-10436,IBM Ltd,Legal,CC-105 Marketing,7128.41,8912.25,2024-10-17,INR
AP-10437,Cognizant,Cloud,CC-103 IT,16641.43,17376.32,2024-12-11,EUR
AP-10438,Wipro Ltd,IT Services,CC-101 Finance,20430.53,33774.21,2024-01-24,USD
AP-10439,Cognizant,Marketing,CC-102 Operations,44431.89,45148.08,2024-01-19,EUR
AP-10440,Microsoft,Software Licenses,CC-103 IT,14538.11,15044.48,2024-06-12,USD
AP-10441,IBM India,Consulting,CC-105 Marketing,3804.34,6125.48,2024-04-24,EUR
AP-10442,Deloitte & Co,Consulting,CC-104 HR,5570.58,6125.48,2024-06-08,USD
AP-10443,IBM Ltd,IT Services,CC-103 IT,27881.38,33774.21,2024-06-04,EUR
AP-10444,Cisco Systems,Software Licenses,CC-104 HR,14875.13,15044.48,2024-04-10,EUR
AP-10445,Workday,Software Licenses,CC-102 Operations,18044.53,15044.48,2024-04-29,EUR
AP-10446,Cognizant,IT Services,CC-103 IT,43348.63,33774.21,2024-06-06,INR
AP-10447,KPMG,Software Licenses,CC-104 HR,9387.12,15044.48,2024-03-13,EUR
AP-10448,Tata Consultancy,Consulting,CC-101 Finance,5873.81,6125.48,2024-09-23,USD
AP-10449,Cognizant,Legal,CC-106 Legal,9736.6,8912.25,2024-03-09,EUR
AP-10450,SAP SE,Consulting,CC-105 Marketing,4741.08,6125.48,2024-03-07,INR
AP-10451,Infosys,Hardware,CC-103 IT,28879.79,38141.2,2024-06-16,USD
AP-10452,Google Cloud,Hardware,CC-102 Operations,43058.45,38141.2,2024-10-26,INR
AP-10453,Oracle Corp,Cloud,CC-104 HR,13251.27,17376.32,2024-10-01,USD
AP-10454,KPMG,Legal,CC-103 IT,8386.36,8912.25,2024-02-16,INR
AP-10455,Infosys,IT Services,CC-102 Operations,24692.91,33774.21,2024-02-16,EUR
AP-10456,McKinsey & Co,Facilities,CC-104 HR,30873.75,35451.48,2024-05-13,INR
AP-10457,ACCENTURE,Legal,CC-105 Marketing,6238.05,8912.25,2024-08-24,INR
AP-10458,Oracle Corp,IT Services,CC-101 Finance,33538.7,33774.21,2024-03-07,INR
AP-10459,SAP SE,Facilities,CC-106 Legal,30412.9,35451.48,2024-10-25,EUR
AP-10460,Tata Consultancy,Consulting,CC-101 Finance,4159.81,6125.48,2024-11-26,USD
AP-10461,Oracle Corp,Facilities,CC-101 Finance,43135.17,35451.48,2024-03-27,EUR
AP-10462,Microsoft,Marketing,CC-104 HR,58344.52,45148.08,2024-03-29,USD
AP-10463,KPMG,Cloud,CC-103 IT,16566.05,17376.32,2024-01-18,EUR
AP-10464,Cisco Systems,Software Licenses,CC-106 Legal,11505.97,15044.48,2024-10-08,USD
AP-10465,Deloitte,Hardware,CC-104 HR,25927.74,38141.2,2024-09-26,INR
AP-10466,Workday,IT Services,CC-104 HR,25116.02,33774.21,2024-10-05,USD
AP-10467,Cognizant,Facilities,CC-104 HR,21640.48,35451.48,2024-11-01,INR
AP-10468,Accenture Limited,IT Services,CC-104 HR,30624.32,33774.21,2024-04-29,INR
AP-10469,Wipro Ltd,Software Licenses,CC-103 IT,13788.19,15044.48,2024-01-29,INR
AP-10470,Adobe Systems,Marketing,CC-103 IT,44995.33,45148.08,2024-03-29,INR
AP-10471,McKinsey & Co,Facilities,CC-106 Legal,34231.67,35451.48,2024-01-15,EUR
AP-10472,Cognizant,Cloud,CC-105 Marketing,16241.28,17376.32,2024-09-09,EUR
AP-10473,Infosys,Cloud,CC-104 HR,18750.74,17376.32,2024-11-04,INR
AP-10474,ACCENTURE,IT Services,CC-103 IT,22986.25,33774.21,2024-03-07,USD
AP-10475,Amazon AWS,IT Services,CC-101 Finance,29784.75,33774.21,2024-03-13,INR
AP-10476,ServiceNow,Facilities,CC-101 Finance,34627.92,35451.48,2024-07-21,EUR
AP-10477,Wipro Limited,Hardware,CC-103 IT,25287.67,38141.2,2024-08-11,EUR
AP-10478,Salesforce,Facilities,CC-102 Operations,29240.06,35451.48,2024-11-10,USD
AP-10479,McKinsey & Co,Cloud,CC-104 HR,15211.22,17376.32,2024-03-06,INR
AP-10480,ACCENTURE,IT Services,CC-102 Operations,32707.46,33774.21,2024-11-09,INR
AP-10481,Adobe Systems,Consulting,CC-104 HR,5501.52,6125.48,2024-05-01,USD
AP-10482,HCL Technologies,Cloud,CC-106 Legal,11042.48,17376.32,2024-12-28,EUR
AP-10483,HCL Technologies,Legal,CC-101 Finance,6236.94,8912.25,2024-02-04,USD
AP-10484,Tata Consultancy,Consulting,CC-106 Legal,7296.79,6125.48,2024-08-02,INR
AP-10485,Microsoft,Legal,CC-104 HR,6685.43,8912.25,2024-09-02,EUR
AP-10486,McKinsey & Co,Cloud,CC-104 HR,23415.62,17376.32,2024-05-30,INR
AP-10487,HCL Technologies,Hardware,CC-101 Finance,42635.6,38141.2,2024-07-11,INR
AP-10488,IBM,Facilities,CC-105 Marketing,33937.36,35451.48,2024-12-26,INR
AP-10489,Microsoft,Cloud,CC-105 Marketing,11517.75,17376.32,2024-02-21,USD
AP-10490,KPMG,Software Licenses,CC-104 HR,13371.76,15044.48,2024-10-03,USD
AP-10491,Infosys,Hardware,CC-102 Operations,45524.83,38141.2,2024-10-08,USD
AP-10492,Oracle Corp,Facilities,CC-101 Finance,25447.77,35451.48,2024-12-04,EUR
AP-10493,Cisco Systems,Legal,CC-102 Operations,10074.09,8912.25,2024-11-22,USD
AP-10494,IBM Ltd,Consulting,CC-103 IT,4829.19,6125.48,2024-12-04,USD
AP-10495,IBM Ltd,Cloud,CC-103 IT,12993.33,17376.32,2024-08-16,INR
AP-10496,Tata Consultancy,Legal,CC-104 HR,8331.45,8912.25,2024-10-15,INR
AP-10497,Oracle Corp,Consulting,CC-106 Legal,5001.94,6125.48,2024-10-28,INR
AP-10498,Workday,IT Services,CC-104 HR,25920.11,33774.21,2024-10-01,EUR
AP-10499,Salesforce,Software Licenses,CC-104 HR,11402.54,15044.48,2024-01-18,EUR
AP-10500,Adobe Systems,Cloud,CC-101 Finance,13546.86,17376.32,2024-03-26,INR
AP-10501,KPMG,Cloud,CC-101 Finance,17294.86,17376.32,2024-08-10,INR
AP-10502,Oracle,Facilities,CC-106 Legal,22221.16,35451.48,2024-07-17,EUR
AP-10503,SAP SE,Facilities,CC-103 IT,34276.79,35451.48,2024-01-07,EUR
AP-10504,Cisco Systems,Marketing,CC-101 Finance,29765.22,45148.08,2024-10-28,EUR
AP-10505,Wipro,Consulting,CC-103 IT,5831.79,6125.48,2024-07-29,USD
AP-10506,SAP SE,Legal,CC-105 Marketing,5480.91,8912.25,2024-05-21,USD
AP-10507,ORACLE CORP,IT Services,CC-104 HR,24742.91,33774.21,2024-05-01,INR
AP-10508,Salesforce,Hardware,CC-103 IT,51029.54,38141.2,2024-06-04,USD
AP-10509,Tata Consultancy,Legal,CC-106 Legal,8814.2,8912.25,2024-04-26,INR
AP-10510,Infosys,Legal,CC-103 IT,6833.1,8912.25,2024-11-26,INR
AP-10511,KPMG,Legal,CC-102 Operations,6798.87,8912.25,2024-09-05,EUR
AP-10512,Cognizant,IT Services,CC-105 Marketing,21150.99,33774.21,2024-12-29,EUR
AP-10513,SAP SE,Cloud,CC-105 Marketing,10627.0,17376.32,2024-04-08,INR
AP-10514,Deloitte,IT Services,CC-104 HR,39938.93,33774.21,2024-04-11,USD
AP-10515,Cognizant,Legal,CC-105 Marketing,8638.01,8912.25,2024-12-14,INR
AP-10516,McKinsey & Co,Facilities,CC-104 HR,23789.13,35451.48,2024-08-30,EUR
AP-10517,Workday,Facilities,CC-103 IT,33955.31,35451.48,2024-12-18,INR
AP-10518,Infosys,IT Services,CC-104 HR,45605.29,33774.21,2024-04-19,INR
AP-10519,McKinsey & Co,Software Licenses,CC-103 IT,12115.51,15044.48,2024-12-15,INR
AP-10520,Salesforce,Cloud,CC-106 Legal,15992.23,17376.32,2024-04-24,USD
AP-10521,Cisco Systems,Hardware,CC-106 Legal,32690.67,38141.2,2024-08-04,USD
AP-10522,Cognizant,Legal,CC-103 IT,6424.47,8912.25,2024-09-23,EUR
AP-10523,SAP SE,Consulting,CC-101 Finance,5298.19,6125.48,2024-07-10,EUR
AP-10524,Cisco Systems,Hardware,CC-103 IT,30234.35,38141.2,2024-06-21,USD
AP-10525,HCL Technologies,Hardware,CC-103 IT,37411.75,38141.2,2024-11-29,USD
AP-10526,KPMG,Cloud,CC-105 Marketing,16679.09,17376.32,2024-11-03,USD
AP-10527,HCL Technologies,Cloud,CC-106 Legal,21357.35,17376.32,2024-05-31,USD
AP-10528,Microsoft,Marketing,CC-104 HR,37617.81,45148.08,2024-10-19,INR
AP-10529,HCL Technologies,Software Licenses,CC-106 Legal,13750.04,15044.48,2024-12-09,USD
AP-10530,ServiceNow,Hardware,CC-102 Operations,36256.95,38141.2,2024-04-02,USD
AP-10531,WIPRO,Cloud,CC-106 Legal,16044.21,17376.32,2024-04-03,EUR
AP-10532,HCL Technologies,Consulting,CC-102 Operations,5498.75,6125.48,2024-06-06,USD
AP-10533,HCL Technologies,Facilities,CC-103 IT,27847.29,35451.48,2024-03-01,USD
AP-10534,Deloitte Consulting,Consulting,CC-104 HR,4901.55,6125.48,2024-12-14,USD
AP-10535,ServiceNow,Hardware,CC-104 HR,51507.46,38141.2,2024-03-11,INR
AP-10536,HCL Technologies,Marketing,CC-105 Marketing,44906.98,45148.08,2024-03-14,USD
AP-10537,Amazon Web Services,Legal,CC-103 IT,5977.71,8912.25,2024-11-20,INR
AP-10538,ACCENTURE,Hardware,CC-102 Operations,25457.05,38141.2,2024-03-22,USD
AP-10539,I.B.M.,Marketing,CC-106 Legal,34836.72,45148.08,2024-09-01,USD
AP-10540,Accenture,Software Licenses,CC-106 Legal,9111.4,15044.48,2024-06-13,EUR
AP-10541,KPMG,IT Services,CC-106 Legal,44224.8,33774.21,2024-04-25,EUR
AP-10542,Cognizant,Hardware,CC-102 Operations,46956.94,38141.2,2024-06-05,INR
AP-10543,IBM,Hardware,CC-103 IT,30822.49,38141.2,2024-09-25,USD
AP-10544,Microsoft,Cloud,CC-103 IT,13832.79,17376.32,2024-04-06,INR
AP-10545,SAP SE,IT Services,CC-102 Operations,33569.94,33774.21,2024-04-18,EUR
AP-10546,Accenture Ltd,Consulting,CC-103 IT,5616.15,6125.48,2024-07-11,EUR
AP-10547,Tata Consultancy,IT Services,CC-105 Marketing,29207.53,33774.21,2024-11-30,INR
AP-10548,Deloitte Consulting,Consulting,CC-104 HR,3978.12,6125.48,2024-05-09,USD
AP-10549,Oracle Corporation,IT Services,CC-103 IT,21628.73,33774.21,2024-09-23,USD
AP-10550,Cisco Systems,Cloud,CC-104 HR,11155.0,17376.32,2024-11-12,INR
AP-10551,Infosys,Consulting,CC-101 Finance,5167.46,6125.48,2024-05-14,EUR
AP-10552,KPMG,Facilities,CC-106 Legal,23545.08,35451.48,2024-10-07,USD
AP-10553,KPMG,Legal,CC-103 IT,5392.8,8912.25,2024-02-15,INR
AP-10554,Adobe Systems,Legal,CC-102 Operations,8126.28,8912.25,2024-02-08,EUR
AP-10555,Wipro Limited,Software Licenses,CC-104 HR,10808.09,15044.48,2024-08-25,INR
AP-10556,Wipro Ltd,IT Services,CC-103 IT,29407.43,33774.21,2024-08-06,EUR
AP-10557,Wipro,IT Services,CC-101 Finance,29226.24,33774.21,2024-03-28,USD
AP-10558,Cognizant,Legal,CC-105 Marketing,7960.66,8912.25,2024-07-09,USD
AP-10559,Amazon Web Services,Marketing,CC-104 HR,31997.94,45148.08,2024-07-16,EUR
AP-10560,Salesforce,Marketing,CC-106 Legal,30100.74,45148.08,2024-03-08,EUR
AP-10561,Deloitte,Consulting,CC-104 HR,4857.93,6125.48,2024-10-18,EUR
AP-10562,Google Cloud,Cloud,CC-105 Marketing,12918.24,17376.32,2024-01-15,EUR
AP-10563,ORACLE CORP,Legal,CC-101 Finance,6918.36,8912.25,2024-02-02,USD
AP-10564,HCL Technologies,IT Services,CC-106 Legal,27354.65,33774.21,2024-10-22,EUR
AP-10565,Adobe Systems,Software Licenses,CC-106 Legal,12150.52,15044.48,2024-12-18,EUR
AP-10566,Cisco Systems,Consulting,CC-104 HR,4284.35,6125.48,2024-06-26,EUR
AP-10567,SAP SE,Cloud,CC-105 Marketing,14685.87,17376.32,2024-01-06,EUR
AP-10568,Amazon Web Svc,Legal,CC-102 Operations,10936.76,8912.25,2024-05-03,USD
AP-10569,Tata Consultancy,IT Services,CC-105 Marketing,28955.54,33774.21,2024-07-25,INR
AP-10570,IBM Ltd,Legal,CC-105 Marketing,8401.0,8912.25,2024-08-16,USD
AP-10571,WIPRO,IT Services,CC-101 Finance,20748.6,33774.21,2024-10-08,INR
AP-10572,IBM India,Software Licenses,CC-106 Legal,14745.73,15044.48,2024-07-05,INR
AP-10573,McKinsey & Co,Legal,CC-103 IT,7556.73,8912.25,2024-08-30,EUR
AP-10574,Cognizant,Legal,CC-101 Finance,11443.59,8912.25,2024-01-02,USD
AP-10575,Cognizant,Hardware,CC-105 Marketing,33596.23,38141.2,2024-01-24,INR
AP-10576,Salesforce,Cloud,CC-106 Legal,13270.02,17376.32,2024-05-10,EUR
AP-10577,KPMG,Software Licenses,CC-101 Finance,11391.06,15044.48,2024-08-22,INR
AP-10578,HCL Technologies,Consulting,CC-104 HR,7811.84,6125.48,2024-12-10,EUR
AP-10579,WIPRO,Legal,CC-106 Legal,7144.76,8912.25,2024-09-12,INR
AP-10580,ServiceNow,IT Services,CC-105 Marketing,31596.67,33774.21,2024-09-04,EUR
AP-10581,AWS,Cloud,CC-101 Finance,14599.9,17376.32,2024-06-13,EUR
AP-10582,SAP SE,Marketing,CC-105 Marketing,40856.75,45148.08,2024-05-20,USD
AP-10583,HCL Technologies,Hardware,CC-104 HR,24992.86,38141.2,2024-11-04,EUR
AP-10584,ServiceNow,Hardware,CC-106 Legal,27673.89,38141.2,2024-10-10,EUR
AP-10585,KPMG,Software Licenses,CC-102 Operations,10775.33,15044.48,2024-06-25,EUR
AP-10586,Oracle Corporation,Facilities,CC-106 Legal,41824.27,35451.48,2024-09-02,EUR
AP-10587,Adobe Systems,Marketing,CC-106 Legal,42283.69,45148.08,2024-05-26,USD
AP-10588,Accenture,IT Services,CC-104 HR,29319.45,33774.21,2024-04-12,USD
AP-10589,Amazon AWS,Hardware,CC-102 Operations,33420.77,38141.2,2024-05-31,INR
AP-10590,Workday,IT Services,CC-103 IT,21649.0,33774.21,2024-12-11,EUR
AP-10591,Workday,Software Licenses,CC-106 Legal,11366.93,15044.48,2024-09-18,EUR
AP-10592,Infosys,IT Services,CC-104 HR,33189.27,33774.21,2024-12-16,USD
AP-10593,Workday,IT Services,CC-101 Finance,23008.17,33774.21,2024-08-14,INR
AP-10594,Cognizant,Software Licenses,CC-106 Legal,10796.99,15044.48,2024-03-31,EUR
AP-10595,I.B.M.,Cloud,CC-106 Legal,13047.52,17376.32,2024-08-07,USD
AP-10596,Workday,Hardware,CC-102 Operations,35791.92,38141.2,2024-01-03,USD
AP-10597,Google Cloud,Cloud,CC-101 Finance,12668.24,17376.32,2024-01-27,EUR
AP-10598,Cisco Systems,Hardware,CC-104 HR,31278.23,38141.2,2024-02-07,EUR
AP-10599,HCL Technologies,Software Licenses,CC-102 Operations,13758.23,15044.48,2024-03-22,USD
AP-10600,Workday,Marketing,CC-101 Finance,43042.31,45148.08,2024-12-05,USD
AP-10601,HCL Technologies,Facilities,CC-103 IT,31943.99,35451.48,2024-09-28,USD
AP-10602,Workday,IT Services,CC-101 Finance,26285.35,33774.21,2024-11-24,EUR
AP-10603,Cisco Systems,Software Licenses,CC-101 Finance,10958.02,15044.48,2024-02-28,USD
AP-10604,Tata Consultancy,Hardware,CC-101 Finance,35427.21,38141.2,2024-07-10,EUR
AP-10605,ServiceNow,Legal,CC-104 HR,12168.93,8912.25,2024-04-08,USD
AP-10606,ServiceNow,Consulting,CC-101 Finance,6018.35,6125.48,2024-10-02,EUR
AP-10607,Accenture,Software Licenses,CC-106 Legal,10309.53,15044.48,2024-12-16,USD
AP-10608,Wipro Ltd,Marketing,CC-106 Legal,28391.29,45148.08,2024-12-17,INR
AP-10609,ACCENTURE,Facilities,CC-101 Finance,38232.69,35451.48,2024-05-08,EUR
AP-10610,I.B.M.,Hardware,CC-104 HR,32499.62,38141.2,2024-08-09,USD
AP-10611,ACCENTURE,Consulting,CC-105 Marketing,7993.12,6125.48,2024-02-02,EUR
AP-10612,Adobe Systems,IT Services,CC-106 Legal,25096.94,33774.21,2024-09-14,INR
AP-10613,Infosys,Hardware,CC-105 Marketing,50353.75,38141.2,2024-08-12,USD
AP-10614,SAP SE,IT Services,CC-104 HR,23234.84,33774.21,2024-07-19,EUR
AP-10615,Infosys,Cloud,CC-103 IT,16779.75,17376.32,2024-11-27,USD
AP-10616,Accenture Ltd,Consulting,CC-101 Finance,7735.64,6125.48,2024-10-02,EUR
AP-10617,IBM India,Software Licenses,CC-106 Legal,13395.23,15044.48,2024-04-18,USD
AP-10618,ServiceNow,Cloud,CC-102 Operations,14713.47,17376.32,2024-05-09,INR
AP-10619,Wipro Ltd,IT Services,CC-105 Marketing,27690.32,33774.21,2024-05-28,EUR
AP-10620,IBM India,Consulting,CC-102 Operations,4869.0,6125.48,2024-06-18,USD
AP-10621,Oracle Corporation,Consulting,CC-103 IT,5880.75,6125.48,2024-06-11,USD
AP-10622,Google Cloud,Facilities,CC-105 Marketing,31104.53,35451.48,2024-03-19,EUR
AP-10623,Adobe Systems,Facilities,CC-103 IT,23662.3,35451.48,2024-06-09,INR
AP-10624,McKinsey & Co,Marketing,CC-103 IT,29514.31,45148.08,2024-06-18,USD
AP-10625,Google Cloud,Legal,CC-103 IT,7083.35,8912.25,2024-02-25,INR
AP-10626,Cisco Systems,Consulting,CC-103 IT,4018.32,6125.48,2024-10-02,INR
AP-10627,Tata Consultancy,Consulting,CC-106 Legal,6531.81,6125.48,2024-09-16,EUR
AP-10628,ACCENTURE,Software Licenses,CC-101 Finance,12297.17,15044.48,2024-10-03,USD
AP-10629,Oracle,Marketing,CC-102 Operations,37736.58,45148.08,2024-05-28,INR
AP-10630,Google Cloud,Consulting,CC-104 HR,3701.24,6125.48,2024-05-02,EUR
AP-10631,AWS,Legal,CC-102 Operations,8729.41,8912.25,2024-12-03,INR
AP-10632,Salesforce,Facilities,CC-101 Finance,28185.94,35451.48,2024-02-02,USD
AP-10633,Cognizant,Software Licenses,CC-101 Finance,12143.21,15044.48,2024-07-03,USD
AP-10634,Salesforce,Legal,CC-101 Finance,11412.12,8912.25,2024-02-22,EUR
AP-10635,ServiceNow,Hardware,CC-106 Legal,31189.59,38141.2,2024-03-30,USD
AP-10636,SAP SE,Facilities,CC-105 Marketing,33118.33,35451.48,2024-09-21,USD
AP-10637,SAP SE,Software Licenses,CC-105 Marketing,13944.65,15044.48,2024-06-25,USD
AP-10638,Salesforce,IT Services,CC-105 Marketing,26207.42,33774.21,2024-04-27,INR
AP-10639,ServiceNow,Hardware,CC-102 Operations,25285.44,38141.2,2024-11-04,EUR
AP-10640,Wipro Ltd,Marketing,CC-103 IT,35784.67,45148.08,2024-09-02,USD
AP-10641,KPMG,Cloud,CC-106 Legal,10581.8,17376.32,2024-01-23,INR
AP-10642,Adobe Systems,Cloud,CC-102 Operations,10698.19,17376.32,2024-10-20,INR
AP-10643,Deloitte,Hardware,CC-102 Operations,29070.56,38141.2,2024-10-15,EUR
AP-10644,Accenture Limited,Consulting,CC-102 Operations,6107.78,6125.48,2024-09-03,INR
AP-10645,McKinsey & Co,Marketing,CC-105 Marketing,37610.99,45148.08,2024-04-03,EUR
AP-10646,ServiceNow,Hardware,CC-102 Operations,28112.68,38141.2,2024-08-20,EUR
AP-10647,Adobe Systems,Consulting,CC-102 Operations,3999.24,6125.48,2024-01-09,INR
AP-10648,ServiceNow,Marketing,CC-102 Operations,30292.96,45148.08,2024-11-10,EUR
AP-10649,Deloitte Consulting,Consulting,CC-101 Finance,3994.62,6125.48,2024-11-04,EUR
AP-10650,ACCENTURE,Marketing,CC-103 IT,39687.74,45148.08,2024-08-07,INR
AP-10651,Salesforce,Marketing,CC-103 IT,40477.86,45148.08,2024-12-22,EUR
AP-10652,WIPRO,Cloud,CC-103 IT,12041.88,17376.32,2024-02-12,USD
AP-10653,Cisco Systems,Marketing,CC-103 IT,39895.53,45148.08,2024-01-04,EUR
AP-10654,ServiceNow,Consulting,CC-105 Marketing,7856.21,6125.48,2024-12-18,USD
AP-10655,Microsoft,Facilities,CC-101 Finance,30510.62,35451.48,2024-05-09,USD
AP-10656,Workday,Marketing,CC-105 Marketing,32065.26,45148.08,2024-12-14,USD
AP-10657,KPMG,Marketing,CC-105 Marketing,35801.85,45148.08,2024-07-08,EUR
AP-10658,Workday,Legal,CC-103 IT,7406.62,8912.25,2024-12-27,USD
AP-10659,Oracle Corp,Software Licenses,CC-104 HR,14739.05,15044.48,2024-02-21,INR
AP-10660,ServiceNow,Marketing,CC-103 IT,38177.67,45148.08,2024-12-16,EUR
AP-10661,Deloitte,Marketing,CC-106 Legal,49255.21,45148.08,2024-03-15,USD
AP-10662,Cisco Systems,Marketing,CC-101 Finance,51261.22,45148.08,2024-02-10,EUR
AP-10663,Deloitte Consulting,Marketing,CC-104 HR,36497.81,45148.08,2024-12-30,EUR
AP-10664,Deloitte,Legal,CC-104 HR,12024.35,8912.25,2024-09-22,USD
AP-10665,KPMG,IT Services,CC-105 Marketing,29700.36,33774.21,2024-11-10,INR
AP-10666,Deloitte & Co,Software Licenses,CC-106 Legal,16752.5,15044.48,2024-05-21,USD
AP-10667,Cognizant,Marketing,CC-104 HR,36438.88,45148.08,2024-12-26,INR
AP-10668,IBM India,Facilities,CC-103 IT,25191.93,35451.48,2024-11-06,INR
AP-10669,Google Cloud,Marketing,CC-105 Marketing,50543.81,45148.08,2024-09-16,INR
AP-10670,Workday,Consulting,CC-105 Marketing,5995.66,6125.48,2024-09-19,USD
AP-10671,Workday,Hardware,CC-106 Legal,28637.64,38141.2,2024-09-04,INR
AP-10672,HCL Technologies,Legal,CC-106 Legal,7439.33,8912.25,2024-01-15,USD
AP-10673,Wipro Limited,Consulting,CC-104 HR,6111.26,6125.48,2024-12-12,EUR
AP-10674,McKinsey & Co,Facilities,CC-104 HR,28595.22,35451.48,2024-01-05,EUR
AP-10675,Tata Consultancy,Software Licenses,CC-103 IT,19393.2,15044.48,2024-06-24,INR
AP-10676,Workday,Cloud,CC-104 HR,11944.94,17376.32,2024-10-20,USD
AP-10677,AWS,Legal,CC-106 Legal,7969.08,8912.25,2024-05-15,INR
AP-10678,McKinsey & Co,Software Licenses,CC-102 Operations,11169.19,15044.48,2024-02-24,INR
AP-10679,IBM Ltd,IT Services,CC-105 Marketing,31720.88,33774.21,2024-07-09,EUR
AP-10680,HCL Technologies,Legal,CC-105 Marketing,7097.02,8912.25,2024-09-18,USD
AP-10681,SAP SE,Software Licenses,CC-105 Marketing,12190.45,15044.48,2024-08-04,USD
AP-10682,Workday,IT Services,CC-105 Marketing,31888.26,33774.21,2024-03-30,USD
AP-10683,WIPRO,Facilities,CC-106 Legal,45703.87,35451.48,2024-07-13,EUR
AP-10684,Wipro Limited,Facilities,CC-105 Marketing,23924.82,35451.48,2024-05-14,INR
AP-10685,Tata Consultancy,Legal,CC-105 Marketing,6002.98,8912.25,2024-08-05,INR
AP-10686,Microsoft,Facilities,CC-103 IT,25236.2,35451.48,2024-04-02,EUR
AP-10687,Oracle Corporation,Consulting,CC-106 Legal,4253.06,6125.48,2024-08-09,USD
AP-10688,KPMG,Cloud,CC-106 Legal,16025.61,17376.32,2024-03-31,USD
AP-10689,Salesforce,Cloud,CC-106 Legal,15434.07,17376.32,2024-09-06,USD
AP-10690,Tata Consultancy,IT Services,CC-104 HR,37676.36,33774.21,2024-04-20,USD
AP-10691,Salesforce,Consulting,CC-104 HR,4311.77,6125.48,2024-07-03,EUR
AP-10692,Workday,Hardware,CC-103 IT,42001.88,38141.2,2024-12-13,EUR
AP-10693,KPMG,Cloud,CC-103 IT,15104.84,17376.32,2024-09-06,EUR
AP-10694,Google Cloud,Consulting,CC-104 HR,4811.57,6125.48,2024-03-15,INR
AP-10695,HCL Technologies,Marketing,CC-106 Legal,34398.73,45148.08,2024-02-06,INR
AP-10696,Amazon AWS,Software Licenses,CC-103 IT,10780.01,15044.48,2024-05-16,EUR
AP-10697,SAP SE,Hardware,CC-104 HR,37207.04,38141.2,2024-10-27,EUR
AP-10698,Google Cloud,Marketing,CC-102 Operations,27506.04,45148.08,2024-04-30,EUR
AP-10699,Tata Consultancy,Consulting,CC-102 Operations,3927.68,6125.48,2024-02-02,USD
AP-10700,Workday,IT Services,CC-101 Finance,27343.37,33774.21,2024-02-12,INR
AP-10701,Tata Consultancy,Cloud,CC-101 Finance,16580.29,17376.32,2024-06-07,INR
AP-10702,McKinsey & Co,Hardware,CC-104 HR,24887.55,38141.2,2024-03-28,INR
AP-10703,Deloitte Consulting,Facilities,CC-103 IT,27895.97,35451.48,2024-10-03,USD
AP-10704,Workday,Legal,CC-102 Operations,7834.31,8912.25,2024-03-31,EUR
AP-10705,Cisco Systems,Legal,CC-106 Legal,8474.81,8912.25,2024-08-10,EUR
AP-10706,Workday,Hardware,CC-103 IT,26349.9,38141.2,2024-02-15,USD
AP-10707,Infosys,Facilities,CC-104 HR,25575.73,35451.48,2024-01-01,EUR
AP-10708,Oracle,Hardware,CC-104 HR,33377.67,38141.2,2024-09-08,USD
AP-10709,Infosys,IT Services,CC-104 HR,28329.86,33774.21,2024-01-04,EUR
AP-10710,Cognizant,Software Licenses,CC-104 HR,11657.1,15044.48,2024-05-07,INR
AP-10711,SAP SE,Marketing,CC-102 Operations,34714.17,45148.08,2024-05-02,EUR
AP-10712,Cisco Systems,Hardware,CC-103 IT,31000.32,38141.2,2024-05-17,USD
AP-10713,KPMG,Consulting,CC-102 Operations,3945.68,6125.48,2024-08-21,EUR
AP-10714,Google Cloud,Hardware,CC-106 Legal,25749.73,38141.2,2024-01-10,INR
AP-10715,Deloitte Consulting,IT Services,CC-102 Operations,24075.8,33774.21,2024-03-05,EUR
AP-10716,Google Cloud,IT Services,CC-102 Operations,35969.75,33774.21,2024-04-21,USD
AP-10717,Microsoft,Hardware,CC-104 HR,29958.91,38141.2,2024-01-17,USD
AP-10718,I.B.M.,IT Services,CC-103 IT,21228.91,33774.21,2024-08-28,INR
AP-10719,KPMG,Hardware,CC-104 HR,24745.42,38141.2,2024-05-07,USD
AP-10720,Google Cloud,Software Licenses,CC-106 Legal,10225.31,15044.48,2024-02-18,EUR
AP-10721,KPMG,Legal,CC-104 HR,6459.99,8912.25,2024-06-14,INR
AP-10722,Deloitte Consulting,Consulting,CC-103 IT,4407.44,6125.48,2024-07-03,INR
AP-10723,KPMG,Consulting,CC-102 Operations,4470.41,6125.48,2024-03-26,USD
AP-10724,Adobe Systems,Consulting,CC-104 HR,3697.17,6125.48,2024-01-22,EUR
AP-10725,Salesforce,Cloud,CC-103 IT,12154.54,17376.32,2024-09-12,INR
AP-10726,Cisco Systems,Facilities,CC-106 Legal,41863.8,35451.48,2024-03-19,EUR
AP-10727,Workday,Consulting,CC-102 Operations,4451.36,6125.48,2024-10-12,EUR
AP-10728,Cognizant,Legal,CC-106 Legal,7804.46,8912.25,2024-07-02,EUR
AP-10729,Oracle,IT Services,CC-104 HR,27816.77,33774.21,2024-10-04,EUR
AP-10730,Salesforce,Software Licenses,CC-105 Marketing,11118.86,15044.48,2024-08-27,USD
AP-10731,Cisco Systems,Cloud,CC-101 Finance,13549.25,17376.32,2024-05-14,EUR
AP-10732,Cognizant,Legal,CC-101 Finance,7151.04,8912.25,2024-04-04,INR
AP-10733,Cisco Systems,Facilities,CC-105 Marketing,31495.15,35451.48,2024-12-03,EUR
AP-10734,SAP SE,Software Licenses,CC-105 Marketing,13634.72,15044.48,2024-03-19,EUR
AP-10735,Infosys,Facilities,CC-104 HR,22837.33,35451.48,2024-09-24,EUR
AP-10736,IBM,Cloud,CC-102 Operations,11830.35,17376.32,2024-09-05,INR
AP-10737,Wipro,Marketing,CC-106 Legal,38357.28,45148.08,2024-10-29,USD
AP-10738,Deloitte & Co,Software Licenses,CC-105 Marketing,9105.44,15044.48,2024-04-16,EUR
AP-10739,Salesforce,Consulting,CC-104 HR,3824.02,6125.48,2024-10-12,EUR
AP-10740,Microsoft,Facilities,CC-106 Legal,45014.78,35451.48,2024-09-27,INR
AP-10741,IBM India,Consulting,CC-102 Operations,3913.25,6125.48,2024-04-28,EUR
AP-10742,SAP SE,Software Licenses,CC-102 Operations,10523.69,15044.48,2024-11-16,INR
AP-10743,Workday,Marketing,CC-106 Legal,57660.07,45148.08,2024-07-02,EUR
AP-10744,Google Cloud,Marketing,CC-101 Finance,30346.67,45148.08,2024-07-24,EUR
AP-10745,HCL Technologies,Cloud,CC-105 Marketing,13504.96,17376.32,2024-06-29,USD
AP-10746,Workday,Facilities,CC-103 IT,30250.62,35451.48,2024-06-14,EUR
AP-10747,McKinsey & Co,Software Licenses,CC-104 HR,14600.05,15044.48,2024-05-10,USD
AP-10748,Google Cloud,Legal,CC-104 HR,9552.02,8912.25,2024-05-25,EUR
AP-10749,Accenture Ltd,Hardware,CC-101 Finance,26269.93,38141.2,2024-06-10,INR
AP-10750,Tata Consultancy,Cloud,CC-101 Finance,20520.1,17376.32,2024-03-11,USD
AP-10751,Cognizant,Software Licenses,CC-102 Operations,10833.85,15044.48,2024-10-19,USD
AP-10752,Adobe Systems,Software Licenses,CC-106 Legal,17607.99,15044.48,2024-09-04,INR
AP-10753,Salesforce,Consulting,CC-105 Marketing,3766.86,6125.48,2024-10-22,USD
AP-10754,IBM,Facilities,CC-103 IT,27429.58,35451.48,2024-03-02,INR
AP-10755,Cisco Systems,IT Services,CC-106 Legal,25431.8,33774.21,2024-06-05,EUR
AP-10756,Deloitte & Co,Cloud,CC-103 IT,11960.45,17376.32,2024-01-26,EUR
AP-10757,SAP SE,Legal,CC-105 Marketing,5668.49,8912.25,2024-08-09,USD
AP-10758,SAP SE,Cloud,CC-102 Operations,13733.23,17376.32,2024-01-26,EUR
AP-10759,SAP SE,Hardware,CC-101 Finance,29513.52,38141.2,2024-12-23,INR
AP-10760,ORACLE CORP,Software Licenses,CC-104 HR,12464.84,15044.48,2024-10-14,EUR
AP-10761,ServiceNow,Software Licenses,CC-102 Operations,19920.43,15044.48,2024-06-14,EUR
AP-10762,Adobe Systems,Consulting,CC-101 Finance,4713.04,6125.48,2024-06-27,INR
AP-10763,HCL Technologies,Facilities,CC-105 Marketing,32185.42,35451.48,2024-03-27,USD
AP-10764,Cisco Systems,Legal,CC-105 Marketing,5507.33,8912.25,2024-04-29,INR
AP-10765,Cognizant,Cloud,CC-106 Legal,11206.83,17376.32,2024-01-28,INR
AP-10766,Cisco Systems,Cloud,CC-103 IT,22517.81,17376.32,2024-02-26,USD
AP-10767,Google Cloud,Legal,CC-101 Finance,7985.42,8912.25,2024-04-18,INR
AP-10768,Workday,Hardware,CC-105 Marketing,34020.78,38141.2,2024-03-13,EUR
AP-10769,ACCENTURE,IT Services,CC-103 IT,24101.46,33774.21,2024-12-22,EUR
AP-10770,Tata Consultancy,IT Services,CC-104 HR,20377.12,33774.21,2024-07-17,EUR
AP-10771,Tata Consultancy,Facilities,CC-101 Finance,48033.9,35451.48,2024-11-28,USD
AP-10772,McKinsey & Co,Marketing,CC-105 Marketing,28887.61,45148.08,2024-06-10,USD
AP-10773,Cisco Systems,Consulting,CC-102 Operations,6044.11,6125.48,2024-10-14,EUR
AP-10774,Accenture,Software Licenses,CC-105 Marketing,11975.0,15044.48,2024-03-21,INR
AP-10775,Cognizant,Facilities,CC-103 IT,24620.41,35451.48,2024-09-13,USD
AP-10776,Deloitte Consulting,Hardware,CC-104 HR,35316.59,38141.2,2024-01-16,EUR
AP-10777,Tata Consultancy,Software Licenses,CC-102 Operations,11390.76,15044.48,2024-03-11,INR
AP-10778,SAP SE,Software Licenses,CC-104 HR,9945.9,15044.48,2024-06-08,EUR
AP-10779,HCL Technologies,Legal,CC-105 Marketing,7673.35,8912.25,2024-10-24,EUR
AP-10780,KPMG,Cloud,CC-103 IT,16671.84,17376.32,2024-03-10,USD
AP-10781,Oracle Corporation,Facilities,CC-101 Finance,34722.62,35451.48,2024-03-01,INR
AP-10782,HCL Technologies,Cloud,CC-106 Legal,20301.69,17376.32,2024-07-30,USD
AP-10783,Infosys,Legal,CC-106 Legal,8534.83,8912.25,2024-05-20,INR
AP-10784,KPMG,Consulting,CC-102 Operations,5543.43,6125.48,2024-11-09,EUR
AP-10785,Tata Consultancy,Software Licenses,CC-105 Marketing,13163.19,15044.48,2024-07-02,INR
AP-10786,Salesforce,Cloud,CC-105 Marketing,13683.95,17376.32,2024-11-28,USD
AP-10787,Amazon Web Svc,Legal,CC-104 HR,6036.3,8912.25,2024-01-17,USD
AP-10788,Accenture Limited,Marketing,CC-102 Operations,44935.77,45148.08,2024-04-14,INR
AP-10789,Amazon Web Svc,Legal,CC-106 Legal,6978.45,8912.25,2024-05-06,USD
AP-10790,SAP SE,IT Services,CC-105 Marketing,25403.26,33774.21,2024-06-09,USD
AP-10791,Cisco Systems,IT Services,CC-105 Marketing,41047.36,33774.21,2024-01-22,INR
AP-10792,ServiceNow,Marketing,CC-106 Legal,53803.66,45148.08,2024-11-18,INR
AP-10793,KPMG,Hardware,CC-104 HR,27531.14,38141.2,2024-05-26,USD
AP-10794,Amazon Web Svc,Hardware,CC-105 Marketing,33410.97,38141.2,2024-03-13,USD
AP-10795,Google Cloud,Consulting,CC-106 Legal,4115.76,6125.48,2024-10-26,EUR
AP-10796,Workday,Cloud,CC-104 HR,13559.69,17376.32,2024-04-01,USD
AP-10797,Adobe Systems,Software Licenses,CC-104 HR,17604.83,15044.48,2024-11-28,EUR
AP-10798,Amazon Web Services,Consulting,CC-101 Finance,5228.89,6125.48,2024-02-13,EUR
AP-10799,SAP SE,Cloud,CC-104 HR,10730.96,17376.32,2024-03-28,USD
AP-10800,Adobe Systems,Cloud,CC-102 Operations,11669.01,17376.32,2024-12-30,INR
AP-10801,Microsoft,Hardware,CC-103 IT,37545.68,38141.2,2024-05-27,EUR
AP-10802,Amazon Web Services,Cloud,CC-102 Operations,22940.82,17376.32,2024-01-07,USD
AP-10803,Salesforce,Legal,CC-105 Marketing,7514.75,8912.25,2024-09-09,INR
AP-10804,KPMG,Legal,CC-104 HR,5630.42,8912.25,2024-11-03,INR
AP-10805,McKinsey & Co,Hardware,CC-105 Marketing,35396.89,38141.2,2024-04-16,INR
AP-10806,AWS,IT Services,CC-106 Legal,22228.49,33774.21,2024-01-17,EUR
AP-10807,Adobe Systems,Hardware,CC-103 IT,23632.77,38141.2,2024-08-01,INR
AP-10808,Amazon AWS,Cloud,CC-104 HR,12929.29,17376.32,2024-01-19,INR
AP-10809,Infosys,Facilities,CC-103 IT,32902.73,35451.48,2024-08-06,EUR
AP-10810,IBM India,Legal,CC-102 Operations,8411.05,8912.25,2024-06-17,EUR
AP-10811,Microsoft,Software Licenses,CC-106 Legal,9376.83,15044.48,2024-10-19,EUR
AP-10812,ServiceNow,Consulting,CC-104 HR,5157.11,6125.48,2024-12-27,USD
AP-10813,Microsoft,Facilities,CC-103 IT,35380.92,35451.48,2024-06-30,INR
AP-10814,Cisco Systems,Legal,CC-105 Marketing,7121.75,8912.25,2024-04-02,EUR
AP-10815,McKinsey & Co,Hardware,CC-102 Operations,40740.73,38141.2,2024-11-16,INR
AP-10816,KPMG,Marketing,CC-104 HR,53224.21,45148.08,2024-11-22,INR
AP-10817,Accenture Ltd,Hardware,CC-103 IT,27580.25,38141.2,2024-09-16,EUR
AP-10818,HCL Technologies,IT Services,CC-101 Finance,24876.21,33774.21,2024-10-18,EUR
AP-10819,Accenture Ltd,Software Licenses,CC-103 IT,14576.78,15044.48,2024-09-02,USD
AP-10820,Deloitte Consulting,Cloud,CC-104 HR,13627.33,17376.32,2024-10-01,USD
AP-10821,Google Cloud,Marketing,CC-106 Legal,55855.62,45148.08,2024-10-16,EUR
AP-10822,HCL Technologies,IT Services,CC-102 Operations,24745.95,33774.21,2024-06-30,INR
AP-10823,Oracle,IT Services,CC-103 IT,28728.49,33774.21,2024-03-25,EUR
AP-10824,Cisco Systems,Marketing,CC-102 Operations,42702.75,45148.08,2024-06-06,EUR
AP-10825,HCL Technologies,IT Services,CC-103 IT,26979.57,33774.21,2024-05-01,USD
AP-10826,Google Cloud,Hardware,CC-102 Operations,25554.8,38141.2,2024-07-10,INR
AP-10827,KPMG,Consulting,CC-104 HR,5633.05,6125.48,2024-09-13,INR
AP-10828,KPMG,Facilities,CC-104 HR,28696.24,35451.48,2024-06-16,INR
AP-10829,Wipro Ltd,Software Licenses,CC-106 Legal,17929.71,15044.48,2024-09-24,INR
AP-10830,Accenture Limited,IT Services,CC-106 Legal,32043.28,33774.21,2024-06-19,USD
AP-10831,Deloitte,Hardware,CC-101 Finance,27646.92,38141.2,2024-04-17,USD
AP-10832,KPMG,Software Licenses,CC-103 IT,10947.27,15044.48,2024-08-13,EUR
AP-10833,Wipro Limited,Cloud,CC-102 Operations,10531.83,17376.32,2024-11-14,EUR
AP-10834,ServiceNow,Consulting,CC-102 Operations,5021.34,6125.48,2024-05-18,INR
AP-10835,Infosys,Software Licenses,CC-102 Operations,19084.06,15044.48,2024-06-22,EUR
AP-10836,Google Cloud,IT Services,CC-102 Operations,46173.38,33774.21,2024-01-26,INR
AP-10837,SAP SE,IT Services,CC-101 Finance,22682.53,33774.21,2024-11-01,EUR
AP-10838,Google Cloud,Facilities,CC-103 IT,24080.73,35451.48,2024-12-09,EUR
AP-10839,IBM Ltd,Cloud,CC-101 Finance,16818.12,17376.32,2024-08-27,INR
AP-10840,Google Cloud,Hardware,CC-106 Legal,34578.71,38141.2,2024-08-28,INR
AP-10841,McKinsey & Co,Cloud,CC-105 Marketing,12951.96,17376.32,2024-04-03,EUR
AP-10842,HCL Technologies,Facilities,CC-104 HR,22197.81,35451.48,2024-02-27,USD
AP-10843,Salesforce,Legal,CC-102 Operations,6590.13,8912.25,2024-10-21,INR
AP-10844,ServiceNow,Consulting,CC-104 HR,5627.5,6125.48,2024-06-15,EUR
AP-10845,IBM India,Legal,CC-104 HR,6197.85,8912.25,2024-05-04,EUR
AP-10846,Amazon Web Svc,Marketing,CC-101 Finance,41787.54,45148.08,2024-10-29,USD
AP-10847,Microsoft,Facilities,CC-105 Marketing,23725.34,35451.48,2024-12-08,INR
AP-10848,Adobe Systems,Legal,CC-101 Finance,6997.57,8912.25,2024-10-11,INR
AP-10849,Google Cloud,Cloud,CC-103 IT,10909.6,17376.32,2024-02-25,EUR
AP-10850,Cisco Systems,Marketing,CC-103 IT,39010.92,45148.08,2024-02-16,INR
AP-10851,Oracle Corp,Cloud,CC-106 Legal,14118.3,17376.32,2024-07-18,EUR
AP-10852,Adobe Systems,Legal,CC-102 Operations,8475.28,8912.25,2024-06-02,EUR
AP-10853,Infosys,Marketing,CC-106 Legal,33306.0,45148.08,2024-02-15,EUR
AP-10854,ACCENTURE,Cloud,CC-103 IT,23742.41,17376.32,2024-01-28,INR
AP-10855,Workday,Facilities,CC-101 Finance,33546.74,35451.48,2024-04-30,USD
AP-10856,Adobe Systems,Marketing,CC-106 Legal,34001.73,45148.08,2024-07-14,USD
AP-10857,Workday,Software Licenses,CC-106 Legal,9863.58,15044.48,2024-10-11,USD
AP-10858,Cognizant,Marketing,CC-102 Operations,42849.78,45148.08,2024-03-05,INR
AP-10859,Accenture,IT Services,CC-102 Operations,26839.71,33774.21,2024-08-11,INR
AP-10860,I.B.M.,Marketing,CC-104 HR,39647.07,45148.08,2024-08-05,EUR
AP-10861,Amazon Web Svc,Marketing,CC-105 Marketing,34036.5,45148.08,2024-04-25,INR
AP-10862,Microsoft,IT Services,CC-105 Marketing,30138.93,33774.21,2024-12-30,EUR
AP-10863,Tata Consultancy,Marketing,CC-105 Marketing,27693.14,45148.08,2024-01-20,EUR
AP-10864,Salesforce,Facilities,CC-101 Finance,34908.9,35451.48,2024-02-10,INR
AP-10865,ServiceNow,Hardware,CC-104 HR,30869.3,38141.2,2024-11-08,INR
AP-10866,McKinsey & Co,Legal,CC-106 Legal,8771.12,8912.25,2024-02-09,EUR
AP-10867,Workday,Hardware,CC-105 Marketing,44884.78,38141.2,2024-01-06,USD
AP-10868,Google Cloud,Legal,CC-105 Marketing,6848.23,8912.25,2024-05-30,USD
AP-10869,Amazon Web Services,Hardware,CC-106 Legal,26858.17,38141.2,2024-11-18,USD
AP-10870,Adobe Systems,Cloud,CC-105 Marketing,24269.92,17376.32,2024-11-15,INR
AP-10871,Infosys,Legal,CC-101 Finance,5621.36,8912.25,2024-05-22,USD
AP-10872,Oracle,Hardware,CC-103 IT,41876.25,38141.2,2024-03-30,EUR
AP-10873,ORACLE CORP,Facilities,CC-102 Operations,31208.29,35451.48,2024-09-05,INR
AP-10874,ServiceNow,IT Services,CC-103 IT,33333.06,33774.21,2024-10-31,INR
AP-10875,Salesforce,Marketing,CC-104 HR,35038.25,45148.08,2024-11-22,INR
AP-10876,KPMG,Facilities,CC-101 Finance,31984.1,35451.48,2024-02-29,INR
AP-10877,Amazon Web Svc,Marketing,CC-104 HR,40563.75,45148.08,2024-09-29,INR
AP-10878,SAP SE,Marketing,CC-104 HR,36668.23,45148.08,2024-08-10,INR
AP-10879,Infosys,Legal,CC-104 HR,8775.94,8912.25,2024-12-15,INR
AP-10880,Wipro Limited,Marketing,CC-105 Marketing,42590.09,45148.08,2024-06-20,USD
AP-10881,Tata Consultancy,Consulting,CC-103 IT,4633.69,6125.48,2024-12-11,EUR
AP-10882,McKinsey & Co,Software Licenses,CC-105 Marketing,13180.64,15044.48,2024-04-02,USD
AP-10883,Workday,IT Services,CC-106 Legal,36580.97,33774.21,2024-07-29,INR
AP-10884,ServiceNow,Consulting,CC-106 Legal,4212.9,6125.48,2024-05-25,USD
AP-10885,KPMG,IT Services,CC-101 Finance,21032.98,33774.21,2024-10-31,EUR
AP-10886,KPMG,Consulting,CC-106 Legal,3886.95,6125.48,2024-11-05,INR
AP-10887,SAP SE,Cloud,CC-101 Finance,12186.61,17376.32,2024-08-27,EUR
AP-10888,IBM Ltd,Hardware,CC-104 HR,33069.63,38141.2,2024-06-14,USD
AP-10889,Amazon Web Services,Hardware,CC-101 Finance,27959.86,38141.2,2024-01-31,USD
AP-10890,Tata Consultancy,Cloud,CC-104 HR,24205.27,17376.32,2024-04-12,EUR
AP-10891,SAP SE,Cloud,CC-106 Legal,11425.78,17376.32,2024-08-08,INR
AP-10892,Cisco Systems,Consulting,CC-104 HR,3928.36,6125.48,2024-02-07,INR
AP-10893,Adobe Systems,Hardware,CC-104 HR,46883.87,38141.2,2024-11-30,EUR
AP-10894,Accenture,Marketing,CC-103 IT,33045.34,45148.08,2024-07-19,EUR
AP-10895,ACCENTURE,Legal,CC-104 HR,7941.77,8912.25,2024-02-05,EUR
AP-10896,McKinsey & Co,IT Services,CC-104 HR,31315.13,33774.21,2024-09-03,INR
AP-10897,Adobe Systems,Facilities,CC-103 IT,26951.84,35451.48,2024-11-19,EUR
AP-10898,IBM India,Facilities,CC-101 Finance,32054.56,35451.48,2024-05-28,EUR
AP-10899,KPMG,Cloud,CC-105 Marketing,20688.52,17376.32,2024-04-07,USD
AP-10900,SAP SE,Consulting,CC-106 Legal,4867.32,6125.48,2024-11-19,USD
AP-10901,KPMG,Cloud,CC-101 Finance,15428.36,17376.32,2024-10-30,INR
AP-10902,Salesforce,Marketing,CC-101 Finance,38708.3,45148.08,2024-09-12,EUR
AP-10903,Google Cloud,IT Services,CC-101 Finance,24827.0,33774.21,2024-01-22,USD
AP-10904,Wipro Ltd,Legal,CC-106 Legal,7260.14,8912.25,2024-10-23,INR
AP-10905,IBM,Cloud,CC-104 HR,13701.02,17376.32,2024-11-12,INR
AP-10906,McKinsey & Co,Cloud,CC-101 Finance,10773.03,17376.32,2024-06-06,INR
AP-10907,Google Cloud,Cloud,CC-105 Marketing,23248.47,17376.32,2024-02-28,USD
AP-10908,Cisco Systems,Software Licenses,CC-101 Finance,11591.54,15044.48,2024-12-13,USD
AP-10909,HCL Technologies,Consulting,CC-106 Legal,4011.77,6125.48,2024-04-19,INR
AP-10910,Adobe Systems,Cloud,CC-103 IT,20037.05,17376.32,2024-07-31,INR
AP-10911,Cognizant,Cloud,CC-104 HR,14470.9,17376.32,2024-03-09,INR
AP-10912,Cisco Systems,Marketing,CC-102 Operations,55332.08,45148.08,2024-01-04,INR
AP-10913,Amazon Web Services,Hardware,CC-104 HR,34971.52,38141.2,2024-08-31,EUR
AP-10914,Oracle Corporation,Cloud,CC-106 Legal,13556.44,17376.32,2024-05-02,INR
AP-10915,Cisco Systems,IT Services,CC-105 Marketing,27017.85,33774.21,2024-02-15,EUR
AP-10916,Infosys,Facilities,CC-104 HR,40418.84,35451.48,2024-03-01,EUR
AP-10917,Wipro Limited,Software Licenses,CC-104 HR,12994.38,15044.48,2024-05-21,INR
AP-10918,KPMG,Consulting,CC-102 Operations,6048.48,6125.48,2024-08-30,USD
AP-10919,AWS,IT Services,CC-101 Finance,24115.66,33774.21,2024-08-10,USD
AP-10920,HCL Technologies,Legal,CC-101 Finance,9605.94,8912.25,2024-10-02,INR
AP-10921,Amazon Web Services,Legal,CC-105 Marketing,12159.22,8912.25,2024-08-15,EUR
AP-10922,Adobe Systems,Facilities,CC-104 HR,30869.06,35451.48,2024-06-15,INR
AP-10923,Wipro Limited,Software Licenses,CC-101 Finance,11509.6,15044.48,2024-04-12,USD
AP-10924,McKinsey & Co,Consulting,CC-104 HR,3808.43,6125.48,2024-08-11,INR
AP-10925,KPMG,Legal,CC-102 Operations,5833.62,8912.25,2024-04-09,EUR
AP-10926,Cognizant,Hardware,CC-102 Operations,23374.37,38141.2,2024-10-18,INR
AP-10927,Tata Consultancy,Cloud,CC-101 Finance,13613.16,17376.32,2024-03-28,USD
AP-10928,McKinsey & Co,Hardware,CC-105 Marketing,35006.99,38141.2,2024-11-09,INR
AP-10929,Adobe Systems,Software Licenses,CC-101 Finance,12166.58,15044.48,2024-04-20,EUR
AP-10930,Salesforce,Legal,CC-103 IT,10744.23,8912.25,2024-05-06,INR
AP-10931,HCL Technologies,Marketing,CC-105 Marketing,43838.42,45148.08,2024-03-17,EUR
AP-10932,ACCENTURE,IT Services,CC-101 Finance,30173.56,33774.21,2024-09-15,INR
AP-10933,Microsoft,Marketing,CC-104 HR,39669.88,45148.08,2024-02-20,USD
AP-10934,Salesforce,Software Licenses,CC-101 Finance,9101.45,15044.48,2024-07-27,INR
AP-10935,Oracle,Hardware,CC-102 Operations,24268.93,38141.2,2024-09-02,EUR
AP-10936,Infosys,Cloud,CC-106 Legal,14390.24,17376.32,2024-10-25,INR
AP-10937,Google Cloud,Legal,CC-102 Operations,6792.42,8912.25,2024-07-08,EUR
AP-10938,Google Cloud,IT Services,CC-106 Legal,46060.18,33774.21,2024-06-19,EUR
AP-10939,Deloitte & Co,Marketing,CC-103 IT,38150.15,45148.08,2024-10-21,INR
AP-10940,IBM India,IT Services,CC-105 Marketing,29378.87,33774.21,2024-01-27,INR
AP-10941,SAP SE,Facilities,CC-104 HR,26454.9,35451.48,2024-03-30,EUR
AP-10942,Workday,Consulting,CC-105 Marketing,4176.87,6125.48,2024-06-20,INR
AP-10943,Workday,Consulting,CC-106 Legal,5976.38,6125.48,2024-10-24,EUR
AP-10944,KPMG,Software Licenses,CC-103 IT,10635.59,15044.48,2024-12-14,USD
AP-10945,Tata Consultancy,IT Services,CC-101 Finance,26376.45,33774.21,2024-09-13,EUR
AP-10946,WIPRO,Hardware,CC-104 HR,35088.44,38141.2,2024-12-20,INR
AP-10947,KPMG,Legal,CC-101 Finance,12167.91,8912.25,2024-05-27,INR
AP-10948,Wipro Ltd,Hardware,CC-101 Finance,30456.95,38141.2,2024-04-14,EUR
AP-10949,Accenture Limited,Marketing,CC-106 Legal,29473.16,45148.08,2024-06-26,USD
AP-10950,Google Cloud,IT Services,CC-103 IT,20562.23,33774.21,2024-04-28,EUR
AP-10951,HCL Technologies,Marketing,CC-105 Marketing,38756.04,45148.08,2024-06-16,USD
AP-10952,Adobe Systems,Legal,CC-104 HR,5817.75,8912.25,2024-06-05,INR
AP-10953,Tata Consultancy,Software Licenses,CC-104 HR,10760.69,15044.48,2024-01-25,INR
AP-10954,Cognizant,Hardware,CC-104 HR,32322.84,38141.2,2024-03-23,EUR
AP-10955,Workday,Hardware,CC-102 Operations,35689.97,38141.2,2024-12-20,EUR
AP-10956,Oracle Corporation,Software Licenses,CC-101 Finance,17566.73,15044.48,2024-03-05,USD
AP-10957,Tata Consultancy,Facilities,CC-102 Operations,31298.47,35451.48,2024-12-06,USD
AP-10958,Cognizant,Cloud,CC-103 IT,17205.79,17376.32,2024-09-30,USD
AP-10959,Wipro,Marketing,CC-104 HR,44205.19,45148.08,2024-06-12,INR
AP-10960,Accenture Limited,Hardware,CC-104 HR,37677.49,38141.2,2024-10-20,EUR
AP-10961,ORACLE CORP,Facilities,CC-106 Legal,43351.97,35451.48,2024-01-21,INR
AP-10962,Workday,Consulting,CC-103 IT,7779.1,6125.48,2024-04-22,USD
AP-10963,Cognizant,Consulting,CC-103 IT,7828.65,6125.48,2024-10-25,EUR
AP-10964,McKinsey & Co,Hardware,CC-102 Operations,47411.81,38141.2,2024-08-16,EUR
AP-10965,IBM Ltd,Software Licenses,CC-104 HR,12667.92,15044.48,2024-01-29,EUR
AP-10966,Cognizant,Marketing,CC-102 Operations,34811.71,45148.08,2024-07-16,USD
AP-10967,Accenture Limited,Facilities,CC-103 IT,27589.42,35451.48,2024-10-14,INR
AP-10968,KPMG,Legal,CC-106 Legal,8212.41,8912.25,2024-05-27,INR
AP-10969,Microsoft,Marketing,CC-102 Operations,37887.11,45148.08,2024-03-14,INR
AP-10970,Infosys,Legal,CC-105 Marketing,5583.05,8912.25,2024-10-29,USD
AP-10971,IBM,Marketing,CC-106 Legal,34574.65,45148.08,2024-10-11,USD
AP-10972,Adobe Systems,Cloud,CC-102 Operations,13079.29,17376.32,2024-10-10,USD
AP-10973,Deloitte & Co,Hardware,CC-104 HR,29955.36,38141.2,2024-01-14,INR
AP-10974,Oracle,Hardware,CC-106 Legal,30094.03,38141.2,2024-11-30,EUR
AP-10975,Infosys,Marketing,CC-102 Operations,39510.77,45148.08,2024-05-05,INR
AP-10976,Wipro Limited,Legal,CC-101 Finance,6636.99,8912.25,2024-09-03,EUR
AP-10977,Microsoft,Hardware,CC-106 Legal,37748.48,38141.2,2024-03-02,USD
AP-10978,ServiceNow,IT Services,CC-103 IT,21054.98,33774.21,2024-06-12,USD
AP-10979,Oracle,Cloud,CC-101 Finance,13341.64,17376.32,2024-07-01,INR
AP-10980,Infosys,Hardware,CC-105 Marketing,24056.82,38141.2,2024-04-09,EUR
AP-10981,Amazon Web Services,Cloud,CC-105 Marketing,12623.62,17376.32,2024-12-16,USD
AP-10982,Tata Consultancy,Facilities,CC-101 Finance,26257.2,35451.48,2024-03-14,INR
AP-10983,Oracle,Facilities,CC-104 HR,34329.9,35451.48,2024-03-24,INR
AP-10984,KPMG,Cloud,CC-105 Marketing,11735.39,17376.32,2024-10-13,EUR
AP-10985,ServiceNow,Consulting,CC-104 HR,3862.48,6125.48,2024-03-08,INR
AP-10986,Salesforce,Facilities,CC-103 IT,23242.19,35451.48,2024-08-14,EUR
AP-10987,ServiceNow,Facilities,CC-102 Operations,21678.72,35451.48,2024-03-01,INR
AP-10988,Oracle Corporation,Software Licenses,CC-103 IT,9810.31,15044.48,2024-02-10,USD
AP-10989,Wipro,IT Services,CC-104 HR,20838.92,33774.21,2024-02-25,INR
AP-10990,ServiceNow,IT Services,CC-104 HR,38706.06,33774.21,2024-02-03,USD
AP-10991,Accenture,Consulting,CC-105 Marketing,5883.34,6125.48,2024-04-04,EUR
AP-10992,Cognizant,IT Services,CC-101 Finance,30345.43,33774.21,2024-05-22,EUR
AP-10993,Cognizant,Facilities,CC-102 Operations,32343.12,35451.48,2024-11-09,INR
AP-10994,ServiceNow,Consulting,CC-101 Finance,5545.38,6125.48,2024-09-27,INR
AP-10995,KPMG,Hardware,CC-102 Operations,31079.38,38141.2,2024-02-20,INR
AP-10996,ServiceNow,Legal,CC-103 IT,6007.3,8912.25,2024-12-10,INR
AP-10997,Amazon AWS,Marketing,CC-104 HR,31198.3,45148.08,2024-02-27,USD
AP-10998,WIPRO,Consulting,CC-105 Marketing,5543.0,6125.48,2024-12-26,USD
AP-10999,Workday,IT Services,CC-101 Finance,21827.9,33774.21,2024-05-25,USD
